"ID","rh_bankssts_area","rh_caudalanteriorcingulate_area","rh_caudalmiddlefrontal_area","rh_cuneus_area","rh_entorhinal_area","rh_fusiform_area","rh_inferiorparietal_area","rh_inferiortemporal_area","rh_isthmuscingulate_area","rh_lateraloccipital_area","rh_lateralorbitofrontal_area","rh_lingual_area","rh_medialorbitofrontal_area","rh_middletemporal_area","rh_parahippocampal_area","rh_paracentral_area","rh_parsopercularis_area","rh_parsorbitalis_area","rh_parstriangularis_area","rh_pericalcarine_area","rh_postcentral_area","rh_posteriorcingulate_area","rh_precentral_area","rh_precuneus_area","rh_rostralanteriorcingulate_area","rh_rostralmiddlefrontal_area","rh_superiorfrontal_area","rh_superiorparietal_area","rh_superiortemporal_area","rh_supramarginal_area","rh_frontalpole_area","rh_temporalpole_area","rh_transversetemporal_area","rh_insula_area","rh_WhiteSurfArea_area","BrainSegVolNotVent.x","eTIV.x","lh_bankssts_area","lh_caudalanteriorcingulate_area","lh_caudalmiddlefrontal_area","lh_cuneus_area","lh_entorhinal_area","lh_fusiform_area","lh_inferiorparietal_area","lh_inferiortemporal_area","lh_isthmuscingulate_area","lh_lateraloccipital_area","lh_lateralorbitofrontal_area","lh_lingual_area","lh_medialorbitofrontal_area","lh_middletemporal_area","lh_parahippocampal_area","lh_paracentral_area","lh_parsopercularis_area","lh_parsorbitalis_area","lh_parstriangularis_area","lh_pericalcarine_area","lh_postcentral_area","lh_posteriorcingulate_area","lh_precentral_area","lh_precuneus_area","lh_rostralanteriorcingulate_area","lh_rostralmiddlefrontal_area","lh_superiorfrontal_area","lh_superiorparietal_area","lh_superiortemporal_area","lh_supramarginal_area","lh_frontalpole_area","lh_temporalpole_area","lh_transversetemporal_area","lh_insula_area","lh_WhiteSurfArea_area","BrainSegVolNotVent.y","eTIV.y"
"1_VERIO.long.template_1",783,456,1937,1587,253,2379,4177,2998,837,4322,2300,3235,1638,3074,572,1199,1202,854,1369,1887,3446,954,3997,3860,443,4899,5744,4924,2965,3175,281,366,306,2068,74480.9,991662,1202175.22667,701,615,1769,1432,267,2689,3714,2514,976,4470,2652,2976,1637,2434,548,1202,1558,667,1443,1700,3663,1021,4196,3777,814,3963,5718,4849,3493,3422,199,286,386,2376,74125.3,991662,1202175.22667
"1_SKYRA.long.template_1",811,435,1902,1623,234,2418,4278,3007,826,4427,2370,3291,1620,3073,571,1186,1195,847,1349,1913,3356,962,3886,3834,432,4865,5619,4952,2945,3206,283,364,296,2087,74463.9,978018,1202175.22667,698,595,1717,1427,250,2732,3764,2524,997,4574,2627,3044,1550,2408,551,1150,1545,648,1398,1741,3495,1014,4012,3755,810,3936,5530,4845,3477,3353,198,302,394,2307,73369.1,978018,1202175.22667
"2_VERIO.long.template_2",789,532,1686,1532,308,2537,4414,2908,967,4837,2329,3369,1856,3245,610,1182,1243,878,1822,1809,3572,1073,4431,3307,627,5500,6330,4491,3174,3061,325,401,285,2220,77652.1,1036210,1412157.62623,824,513,1883,1523,399,2824,3960,3302,1017,4671,2434,3155,2018,3111,617,1191,1442,654,1416,1845,3446,1052,4191,3230,524,5299,6940,4566,3223,3062,261,477,381,2269,77714.4,1036210,1412157.62623
"2_SKYRA.long.template_2",806,541,1637,1551,299,2555,4473,2893,957,4958,2326,3419,1834,3249,612,1155,1216,849,1788,1816,3416,1068,4326,3267,581,5453,6069,4462,3158,3023,331,396,282,2231,76995.2,1014049,1412157.62623,845,499,1864,1537,388,2821,4035,3289,1011,4796,2436,3225,1760,3076,646,1154,1425,627,1372,1849,3318,1031,4052,3178,524,5194,6662,4537,3192,3051,265,491,370,2167,76646.5,1014049,1412157.62623
"3_VERIO.long.template_3",1250,1056,2836,1992,486,3538,5583,4348,984,5737,3215,3541,2465,4726,706,1552,1658,986,1741,1876,4246,1392,5480,5460,986,6958,8026,5614,4396,4759,378,551,387,2427,101334,1315233,1661537.50185,1354,768,2413,1538,544,4122,5186,4417,1047,5524,3203,3057,2651,4226,674,1537,1597,892,1471,1378,4321,1438,5465,5082,1092,6862,9154,6173,4520,4530,350,541,494,2580,100199,1315233,1661537.50185
"3_SKYRA.long.template_3",1256,1021,2798,1967,506,3525,5521,4316,997,5668,3093,3543,2466,4673,721,1538,1657,964,1719,1843,4202,1367,5406,5394,965,6886,8001,5620,4348,4720,374,585,380,2457,100499,1306044,1661537.50185,1376,788,2396,1532,519,4046,5186,4417,1099,5465,3230,3116,2528,4189,657,1548,1589,846,1458,1391,4230,1474,5400,5073,1110,6784,9066,6129,4442,4517,343,520,498,2559,99520.1,1306044,1661537.50185
"4_VERIO.long.template_4",740,664,2047,1742,363,2898,3931,3174,973,5930,2448,3242,1881,3471,716,1353,1185,878,1358,1655,3458,1070,4583,3777,579,5587,6696,4753,3301,3289,430,512,304,2168,81155.8,1081313,1419321.88232,760,527,2473,1826,356,3065,3601,3728,1017,5627,2656,3166,1885,2924,660,1312,1489,749,1253,1527,3582,1005,4890,3417,745,5275,6916,5116,3787,3162,246,474,448,2066,81715,1081313,1419321.88232
"4_SKYRA.long.template_4",773,642,2050,1708,365,2894,4049,3178,945,5892,2413,3217,1851,3475,718,1322,1169,842,1350,1657,3365,1066,4535,3770,540,5530,6545,4791,3256,3313,429,533,295,2088,80567,1073813,1419321.88232,787,518,2417,1812,386,3050,3695,3740,1014,5739,2658,3188,1970,2939,656,1276,1473,711,1216,1541,3490,1004,4784,3406,738,5184,6744,5131,3746,3183,246,508,459,2133,81411.9,1073813,1419321.88232
"5_VERIO.long.template_5",1075,741,2445,1688,466,3875,6259,4001,1104,6043,3212,3594,2520,4429,784,1521,1621,1043,1704,1652,4617,1345,5516,4163,861,6390,8185,6037,4222,4231,381,446,335,2750,99256.5,1320605,1707375.55722,1097,694,2928,1541,622,4410,5239,4558,1202,6737,3324,3118,2309,4662,871,1381,1755,816,1515,1402,4549,1527,5778,4015,1140,5743,8536,6668,4488,4338,281,588,431,2988,101249,1320605,1707375.55722
"5_SKYRA.long.template_5",1098,717,2444,1717,389,3856,6428,4046,1060,6186,3195,3617,2517,4386,790,1514,1596,1039,1680,1680,4537,1322,5406,4179,807,6323,8055,6172,4199,4172,389,445,333,2729,99022.2,1316234,1707375.55722,1126,678,2827,1532,625,4411,5401,4556,1214,6888,3240,3154,2167,4645,859,1378,1718,800,1502,1419,4437,1539,5631,4044,1098,5711,8350,6782,4426,4316,281,585,455,2900,100692,1316234,1707375.55722
"6_VERIO.long.template_6",901,839,1552,1558,303,3013,4703,2859,932,5226,2434,3700,1884,3623,666,1534,1459,785,1725,1440,3776,1299,4568,4058,633,6423,6299,5269,3800,3743,276,406,352,2354,84387.7,1122389,1467170.71175,854,556,2220,2014,434,3309,3690,3230,1158,5034,2523,3238,1766,2947,722,1187,1703,704,1327,1737,3768,1011,4054,3633,746,5923,6775,6069,3858,3956,242,384,377,2275,83425.9,1122389,1467170.71175
"6_SKYRA.long.template_6",936,833,1535,1586,333,3028,4723,2855,930,5418,2462,3722,1809,3601,659,1512,1442,768,1696,1452,3639,1287,4428,3981,603,6337,6078,5238,3785,3737,270,438,353,2407,83878.1,1106463,1467170.71175,891,553,2181,2031,449,3308,3747,3235,1150,5140,2520,3313,1754,2925,717,1173,1670,665,1322,1770,3673,1013,3983,3594,743,5813,6577,6084,3826,3953,252,476,392,2278,83171.2,1106463,1467170.71175
"7_VERIO.long.template_7",1005,891,1930,1859,298,3430,4944,3438,907,5721,2861,3517,2124,3546,724,1361,1652,935,1810,1896,4035,1174,4860,3875,739,6243,7245,4894,3762,3776,308,443,345,2672,89221.6,1310345,1679962.34776,1106,523,2203,1780,314,3338,4826,3607,1169,5076,2822,3493,1887,3386,703,1186,1956,775,1550,1734,4237,1150,4986,3727,790,6016,8138,4902,3804,4046,258,461,474,2776,89198.3,1310345,1679962.34776
"7_SKYRA.long.template_7",1030,884,1910,1889,298,3402,5043,3476,929,5912,2904,3611,2127,3545,718,1323,1644,928,1774,1864,3943,1157,4756,3850,724,6142,7107,5003,3777,3794,315,433,357,2658,89082,1292911,1679962.34776,1143,519,2215,1793,339,3362,4923,3642,1158,5255,2847,3647,2034,3427,709,1168,1938,762,1527,1786,4121,1139,4900,3731,795,5896,7895,4940,3779,4041,268,535,467,2950,89649.3,1292911,1679962.34776
"8_VERIO.long.template_8",914,969,1856,1786,370,2835,5278,3903,805,4432,2959,3425,1972,3858,547,1473,1139,944,1521,1726,3833,1257,4846,4002,816,5953,7336,5427,3569,3873,320,382,330,2324,86978.8,1076737,1458100.11063,837,504,2156,1559,606,3260,3940,4557,1050,4774,2979,2906,1920,3329,576,1261,1486,797,1510,1443,4113,1165,4405,3748,673,6431,7180,5483,3473,4546,236,541,393,2653,86400.3,1076737,1458100.11063
"8_SKYRA.long.template_8",933,980,1827,1761,356,2832,5425,3983,798,4505,2974,3484,1979,3881,549,1455,1154,926,1501,1725,3706,1281,4755,4036,822,5959,7222,5506,3563,3911,329,392,330,2377,87214.9,1066660,1458100.11063,853,496,2137,1572,583,3277,4081,4625,1050,4935,3007,3014,2079,3306,566,1236,1477,783,1482,1461,3890,1166,4300,3738,687,6505,7076,5553,3467,4558,249,564,399,2721,86892,1066660,1458100.11063
"9_VERIO.long.template_9",824,684,2015,1387,304,2599,4575,2707,791,4449,2315,2659,1902,2954,630,1254,1334,703,1221,1299,3577,1098,4188,3382,523,5022,6209,4929,3435,3143,292,393,318,1871,74990.1,980401,1308487.04948,809,494,2097,1648,282,2490,3606,2727,848,4686,2492,2587,1544,2691,589,1147,1545,607,1258,1274,3719,1100,4370,3177,620,4776,6360,5162,3772,3672,201,395,445,2281,75474.2,980401,1308487.04948
"9_SKYRA.long.template_9",852,686,1942,1338,229,2532,4604,2740,799,4484,2252,2658,1856,2956,614,1229,1314,658,1199,1241,3434,1088,4087,3377,494,4906,5997,4965,3417,3126,286,351,323,1869,73902.9,963373,1308487.04948,857,500,2034,1592,279,2482,3718,2689,851,4713,2482,2554,1472,2647,568,1093,1501,564,1250,1225,3537,1065,4237,3155,607,4678,6126,5209,3725,3655,210,421,431,2230,74359.9,963373,1308487.04948
"10_VERIO.long.template_10",801,787,2391,1708,358,3175,5391,3322,918,5966,2751,3441,2193,3712,743,1609,1523,939,1742,1741,3971,1277,5079,4933,697,6716,8195,5520,3629,3422,302,469,267,2808,92497,1268678,1681961.15475,999,685,2768,1537,390,3791,4599,3889,1130,6287,3060,3496,2196,3170,840,1523,1973,798,1501,1632,4220,1264,4962,4408,910,6177,8814,5421,4001,3540,257,438,409,2567,93652.5,1268678,1681961.15475
"10_SKYRA.long.template_10",833,790,2358,1705,389,3196,5536,3340,937,5991,2799,3486,2178,3727,732,1587,1527,933,1714,1711,3871,1288,5009,4974,679,6701,8102,5514,3639,3496,318,452,279,2879,92671.2,1252895,1681961.15475,1045,680,2745,1529,407,3818,4779,3944,1169,6320,3090,3434,2227,3196,842,1528,1955,768,1492,1583,4194,1267,4907,4489,895,6213,8695,5485,4023,3591,266,466,396,2510,93947.7,1252895,1681961.15475
"11_VERIO.long.template_11",916,449,2054,1574,381,3125,4603,2960,1015,4872,2549,3394,1952,3461,630,1311,1153,822,1222,1738,3807,1014,4500,3399,471,5915,6650,4789,3905,3798,283,386,278,1813,81189,1056378,1348520.40807,781,546,2615,1671,363,3011,3463,3917,993,5125,2522,3129,1907,3075,680,1293,1371,660,1045,1525,4004,1066,4590,3194,673,5613,6925,5315,3765,4068,264,441,391,1983,81983.8,1056378,1348520.40807
"11_SKYRA.long.template_11",918,412,1994,1641,357,3148,4709,2924,986,5116,2550,3573,1958,3427,631,1297,1134,810,1196,1744,3749,957,4523,3386,431,5763,6430,4797,3862,3766,278,399,290,1789,80945.4,1036531,1348520.40807,794,536,2591,1733,370,3040,3425,3890,962,5332,2507,3235,1907,3044,672,1281,1353,644,1029,1499,3898,1073,4543,3190,717,5550,6707,5266,3708,4068,263,444,391,1992,81652.2,1036531,1348520.40807
"12_VERIO.long.template_12",998,634,2082,1608,302,2859,5353,2909,1006,4581,2688,3485,1860,3682,684,1420,1068,874,1468,1871,3755,1114,4545,3641,602,5908,7124,5468,3448,3746,258,404,270,2128,83842.7,1130420,1360745.04684,1158,646,2182,1565,496,2590,4683,3045,972,4735,2568,3009,1804,3247,620,1230,1512,835,1260,1596,3617,1032,4528,3344,789,5674,7075,5940,3561,4398,242,401,370,2227,82947.5,1130420,1360745.04684
"12_SKYRA.long.template_12",1038,628,2069,1634,317,2905,5491,2971,982,4745,2756,3504,1886,3668,677,1403,1089,866,1451,1870,3679,1094,4479,3670,605,5873,7052,5593,3441,3796,259,415,272,2102,84270.8,1129281,1360745.04684,1184,638,2166,1569,440,2662,4848,3080,969,4900,2605,3064,1788,3237,625,1226,1502,804,1255,1602,3591,1022,4491,3401,795,5668,6976,6086,3547,4451,246,450,379,2250,83518.5,1129281,1360745.04684
"13_VERIO.long.template_13",966,564,2209,1465,326,3014,5195,3367,974,5066,2612,3157,1763,3339,674,1676,1142,722,1190,1328,3888,1218,5056,4215,689,6093,7101,5840,3379,3636,306,432,287,2061,84947.3,1148026,1503268.86921,1028,495,2304,1493,396,3089,4137,3525,1001,4936,2830,3130,2017,3526,599,1475,1314,584,990,1237,4123,1187,4645,3769,683,6337,7660,5593,3729,3588,281,516,370,2070,84657.1,1148026,1503268.86921
"13_SKYRA.long.template_13",990,562,2208,1476,333,3023,5300,3374,944,5244,2631,3206,1761,3338,656,1665,1149,733,1192,1325,3840,1204,5034,4198,679,6093,7035,5884,3355,3677,303,452,289,2170,85323.3,1144052,1503268.86921,1050,495,2297,1504,407,3105,4277,3546,1032,5082,2812,3160,2059,3571,609,1457,1348,585,981,1260,4082,1195,4593,3789,670,6366,7593,5693,3719,3632,281,499,379,2101,85227.8,1144052,1503268.86921
"14_VERIO.long.template_14",1171,713,2673,1847,466,3677,6911,3794,1046,6002,3120,2899,2331,4248,601,1790,1474,848,1593,1509,4017,1187,5069,4284,656,6201,8618,5630,4154,4094,344,436,495,2598,96495.9,1290323,1659834.87033,1114,676,2019,1637,527,3144,5174,3826,1227,6071,2857,3458,1964,3699,757,1363,1913,682,1774,1592,4439,1197,5186,3908,956,6707,8285,5219,5171,4631,306,479,681,2844,95478.7,1290323,1659834.87033
"14_SKYRA.long.template_14",1180,693,2605,1832,452,3675,7028,3774,1041,6067,2928,2888,2226,4233,608,1716,1454,835,1565,1485,3881,1158,4957,4277,618,6172,8395,5722,4120,4103,357,425,482,2595,95547.7,1274178,1659834.87033,1125,672,1974,1659,534,3142,5274,3779,1223,6172,2860,3450,1994,3658,741,1331,1899,664,1731,1565,4283,1183,5066,3900,934,6653,8022,5217,5166,4608,326,485,664,2816,94770.6,1274178,1659834.87033
"15_VERIO.long.template_15",1101,931,1616,1504,558,3332,6315,3471,996,5105,2891,3336,2204,3836,724,1277,1465,1073,1884,1796,4206,1305,5309,4231,740,6244,7322,5923,4108,3875,343,492,346,2954,92812.2,1196191,1600557.56171,1213,650,2303,1359,468,4020,5678,4316,1171,5687,3002,3013,2345,3637,720,1397,1896,936,1826,1498,4666,1124,4884,4019,821,6426,7278,5789,4101,4101,265,541,460,2683,94228.4,1196191,1600557.56171
"15_SKYRA.long.template_15",1118,858,1629,1538,571,3409,6554,3482,1015,5274,2914,3472,2154,3843,731,1289,1498,1055,1882,1803,4134,1303,5256,4253,697,6216,7197,6069,4115,3885,356,556,354,2832,93200,1188938,1600557.56171,1258,637,2287,1375,464,4059,5909,4320,1227,5842,2990,3075,2608,3706,708,1353,1891,923,1844,1545,4566,1133,4752,4006,811,6330,7196,5923,4102,4120,274,572,458,2662,94924,1188938,1600557.56171
"16_VERIO.long.template_16",895,702,2087,1379,277,2686,4411,3035,804,4710,2365,2587,1843,3482,566,1456,1467,861,1484,1344,3791,1020,4223,3487,592,5702,6685,4206,3587,3510,218,470,314,2224,78465.4,1069737,1307807.55089,854,573,1769,1324,269,2644,3934,2871,933,4694,2852,2846,1862,3063,608,1212,1457,773,1411,1389,3777,1131,4258,3170,651,4964,6735,4533,3997,3919,231,352,510,2203,77761,1069737,1307807.55089
"16_SKYRA.long.template_16",907,679,2082,1377,282,2698,4532,3040,772,4864,2358,2629,1811,3494,575,1475,1470,858,1457,1344,3839,1024,4186,3533,584,5646,6626,4362,3589,3555,204,464,319,2302,78936.2,1064121,1307807.55089,877,573,1779,1336,263,2643,4070,2828,929,4760,2840,2888,1802,3026,609,1240,1446,759,1386,1361,3827,1128,4265,3212,635,4953,6669,4685,3989,3970,235,361,502,2170,78014.7,1064121,1307807.55089
"17_VERIO.long.template_17",791,608,1628,1553,297,3049,5073,3007,807,4329,2595,3091,2092,3406,567,1591,1243,836,1805,1508,3842,1296,4359,4717,481,5879,6967,5801,3505,3963,265,383,328,2544,84205,1122017,1502447.77476,919,568,1787,1406,321,2823,4601,3138,771,4989,2684,2855,1832,3042,635,1537,1439,650,1249,1311,3967,1224,4579,4218,872,4993,7465,5831,3742,4052,265,444,390,2586,83183,1122017,1502447.77476
"17_SKYRA.long.template_17",804,609,1640,1577,305,3061,5195,3022,783,4432,2603,3107,2036,3440,573,1557,1230,795,1767,1524,3736,1275,4244,4627,517,5827,6792,5843,3467,3972,267,370,331,2434,83759.5,1100122,1502447.77476,957,562,1789,1421,305,2822,4728,3181,762,5175,2675,2905,1767,3008,630,1484,1432,628,1232,1315,3846,1191,4454,4179,815,4964,7301,5827,3724,4071,264,396,395,2565,82770.5,1100122,1502447.77476
"18_VERIO.long.template_18",1064,819,2290,1400,412,3491,5290,3775,838,4964,2948,2822,2032,4100,647,1763,1405,956,1230,1455,4904,1373,5256,4345,714,6407,7804,5601,3847,4744,293,438,356,2280,92063,1162071,1546601.82953,965,860,2205,1457,357,3339,5048,4236,982,4549,2917,3254,1868,4022,764,1413,1871,759,1293,1332,4630,1332,5148,4341,930,6456,7982,6490,4256,4482,319,439,500,2757,93551.9,1162071,1546601.82953
"18_SKYRA.long.template_18",1089,798,2270,1443,404,3541,5466,3814,837,5157,3167,2912,2145,4134,641,1744,1419,939,1196,1475,4844,1370,5171,4377,691,6396,7672,5783,3844,4839,289,449,358,2315,92989.4,1161485,1546601.82953,990,845,2172,1518,377,3376,5204,4301,1003,4723,2966,3437,1862,4077,766,1422,1878,795,1298,1374,4609,1335,5113,4396,908,6362,7891,6652,4273,4573,322,460,515,2741,94534.4,1161485,1546601.82953
"19_VERIO.long.template_19",948,603,2127,1924,406,3089,5728,3152,1049,5210,3000,3393,2236,3744,670,1130,1236,887,1603,1757,3995,1190,4702,4029,623,7076,7401,5248,4268,3638,331,386,361,2184,89323.1,1213370,1615380.74882,1009,671,2036,1804,371,3100,5177,4080,1291,5225,2924,2780,2131,3522,685,1033,1905,762,1587,1493,4198,1214,4629,3858,1041,6876,6924,5639,3882,4025,338,478,370,2277,89333.7,1213370,1615380.74882
"19_SKYRA.long.template_19",967,627,2059,1941,425,3093,5865,3181,1086,5357,2649,3408,2121,3731,651,1127,1213,865,1571,1768,3902,1206,4589,3989,624,6927,7143,5308,4223,3648,311,406,352,2187,88518.8,1195154,1615380.74882,1024,651,1998,1860,377,3084,5280,4082,1281,5422,2932,2855,2173,3533,675,1009,1889,725,1568,1523,4102,1195,4505,3837,932,6682,6558,5676,3890,4015,319,482,403,2357,88895.7,1195154,1615380.74882
"20_VERIO.long.template_20",723,492,1873,1390,373,2721,4317,2606,757,4877,2240,2605,1719,2764,632,1389,1499,902,1374,1463,3915,1014,4709,3151,518,4967,7107,4222,3484,3598,311,377,304,2093,76485.3,1052531,1420898.90691,851,520,1994,1384,323,2685,3400,3192,738,4456,2661,2552,1856,2773,627,1187,1605,637,1216,1226,3670,933,4486,3130,497,5716,6614,4427,4038,4212,263,416,364,2206,76857.8,1052531,1420898.90691
"20_SKYRA.long.template_20",751,468,1857,1417,382,2738,4370,2627,765,4997,2248,2670,1721,2766,638,1348,1471,895,1347,1475,3761,1019,4525,3074,504,4993,6888,4188,3462,3541,311,420,312,2103,76050.9,1042879,1420898.90691,868,509,1946,1381,330,2685,3427,3192,739,4649,2676,2648,1980,2750,612,1164,1592,629,1201,1222,3553,928,4333,3074,514,5746,6431,4307,4005,4166,283,466,364,2188,76556.4,1042879,1420898.90691
"21_VERIO.long.template_21",933,876,2389,1753,396,3426,6448,4046,906,4753,3021,3281,2377,4124,604,1522,1743,949,1986,1599,4365,1483,5428,4488,759,7004,7989,6541,3916,4041,350,541,345,2887,97267.9,1270742,1649075.63357,1300,693,2404,1442,470,3123,5076,3681,1372,5214,3016,2922,2101,3989,715,1446,2218,797,1690,1361,4382,1402,5240,4564,907,6534,8400,6728,4716,4762,285,469,510,2837,96743.3,1270742,1649075.63357
"21_SKYRA.long.template_21",963,856,2312,1783,397,3454,6511,4127,911,4941,3014,3413,2274,4178,595,1488,1716,940,1974,1637,4258,1503,5366,4483,743,6872,7791,6623,3856,4043,353,540,371,2903,97190.4,1263630,1649075.63357,1338,679,2391,1504,463,3160,5232,3775,1378,5421,3005,3135,2053,4046,702,1402,2225,770,1666,1416,4342,1417,5114,4541,890,6438,8222,6851,4707,4783,270,500,518,2851,97201.9,1263630,1649075.63357
"22_VERIO.long.template_22",880,646,2212,1775,500,2641,4685,3520,818,4784,2417,3206,1991,3359,526,1705,1435,762,1604,1868,3746,1166,5130,3729,617,6193,7586,5396,3331,3362,281,537,290,2121,84820,1037624,1376757.22159,786,688,2686,1607,500,2816,3486,3588,963,4576,2476,3024,1960,3256,528,1431,1359,634,1143,1706,4406,1180,5038,3958,891,6238,7247,5328,3476,3447,275,551,411,1947,83594.6,1037624,1376757.22159
"22_SKYRA.long.template_22",894,634,2198,1798,510,2650,4800,3548,828,4890,2432,3281,1977,3341,528,1659,1419,755,1567,1910,3654,1138,4956,3738,634,6141,7439,5435,3311,3358,284,540,293,2158,84698.1,1027153,1376757.22159,810,675,2646,1624,506,2853,3626,3634,992,4670,2525,3120,1882,3233,535,1400,1362,619,1123,1724,4316,1137,4935,3955,882,6135,7101,5390,3472,3450,287,573,414,1975,83582.1,1027153,1376757.22159
"23_VERIO.long.template_23",916,589,2203,1743,318,3116,5451,3365,914,5610,2825,2675,2317,3918,677,1624,1242,799,1568,1393,4182,1106,4482,4242,506,5644,6900,5528,3414,3437,327,471,276,2685,86465.2,1187833,1555941.01711,972,748,2145,1608,336,2976,4974,3941,1263,4680,2924,2555,2097,3374,653,1354,1568,817,1344,1079,4039,1374,5019,3829,926,4790,6844,5811,4218,5095,260,449,420,2508,86990.4,1187833,1555941.01711
"23_SKYRA.long.template_23",950,584,2186,1755,315,3165,5604,3455,927,5791,2740,2745,2213,3933,686,1615,1248,811,1539,1398,4110,1106,4401,4271,492,5703,6776,5633,3428,3503,330,430,276,2370,86487.4,1197594,1555941.01711,1006,736,2124,1632,343,2967,5108,3969,1292,4755,2942,2605,1879,3345,645,1337,1565,796,1331,1090,3994,1379,4912,3820,838,4727,6670,5949,4253,5180,265,458,412,2471,86796.6,1197594,1555941.01711
"24_VERIO.long.template_24",879,933,1831,1749,379,3391,7175,3607,815,4617,2623,2832,2185,3579,681,1336,1240,1063,2440,1497,2340,1298,3541,3870,664,8389,8369,5118,3885,3039,385,463,394,2482,89090,1123337,1504755.92005,1064,614,1702,1558,365,3499,4786,3305,1142,4634,2657,2418,2005,3366,818,1300,1389,799,1271,1134,4154,1093,4437,4203,882,6338,7279,5983,4457,5633,261,497,493,2473,88008.3,1123337,1504755.92005
"24_SKYRA.long.template_24",913,919,1751,1767,358,3379,7295,3650,820,4625,2705,2873,2161,3594,682,1318,1232,1046,2392,1513,2309,1283,3422,3888,647,8346,8179,5159,3865,3005,365,485,399,2487,88831.2,1113048,1504755.92005,1085,608,1692,1619,367,3496,4939,3300,1127,4785,2655,2513,1837,3353,806,1269,1381,745,1242,1190,4083,1107,4330,4217,851,6293,7103,6057,4415,5710,264,508,496,2498,87938.6,1113048,1504755.92005
"25_VERIO.long.template_25",823,877,1870,1531,422,3249,5510,4056,964,4908,2999,3036,1987,3783,624,1613,1196,868,1385,1549,4016,1349,4819,4520,695,6192,8003,4968,3443,3457,320,505,354,2212,88106,1110726,1455623.86562,926,824,2200,1437,452,3421,5027,4395,1131,5434,2837,2837,1928,3508,622,1456,1470,810,1393,1394,3928,1553,4844,4346,1052,6104,8091,5095,3564,3113,276,509,348,2467,88791.8,1110726,1455623.86562
"25_SKYRA.long.template_25",867,823,1869,1474,429,3257,5630,4074,949,5071,2889,3035,1995,3769,627,1588,1233,862,1368,1546,3981,1325,4725,4486,663,6175,7844,5060,3429,3448,321,505,360,2294,87973.1,1101937,1455623.86562,965,819,2180,1418,458,3399,5177,4401,1141,5527,2840,2818,1875,3514,612,1442,1451,792,1383,1350,3862,1545,4795,4355,969,6058,7922,5160,3551,3163,286,535,346,2491,88599.1,1101937,1455623.86562
"26_VERIO.long.template_26",892,535,1961,1205,262,2678,5816,3107,869,4155,2585,2920,1850,3533,643,1524,1330,897,1965,1211,3431,1134,4327,3325,466,5766,6364,5425,3566,3255,256,479,315,2731,80773.9,1111189,1468133.57354,1133,612,1798,1210,313,3272,4498,2915,991,4269,2823,2808,1906,2986,748,1224,1526,677,1282,1049,3474,1009,5032,3582,698,4918,7304,5174,3864,3829,269,417,433,2770,80815,1111189,1468133.57354
"26_SKYRA.long.template_26",919,534,1913,1177,285,2727,5948,3125,828,4257,2602,2959,1841,3572,649,1502,1319,896,1914,1207,3297,1125,4199,3320,454,5628,6193,5450,3556,3278,257,489,316,2699,80425,1092686,1468133.57354,1157,601,1780,1199,310,3294,4616,2889,1007,4374,2799,2857,1889,2959,753,1185,1496,649,1245,1068,3393,1006,4877,3563,668,4899,7074,5154,3874,3829,264,403,434,2692,80256.1,1092686,1468133.57354
"27_VERIO.long.template_27",987,794,2156,1537,252,2845,5757,3163,870,5346,2567,3498,1952,3787,698,1450,1303,867,1422,1656,3520,1266,4565,3991,586,5953,6501,5327,3890,3773,342,375,352,2484,85827.3,1093215,1469211.15547,1067,563,2137,1522,352,2798,4936,2937,1126,5110,2872,3242,1627,3344,667,1157,1876,797,1669,1483,3665,1094,4492,4093,727,5213,6765,5527,4269,4345,277,363,477,2337,84923.9,1093215,1469211.15547
"27_SKYRA.long.template_27",1004,788,2129,1551,251,2846,5896,3155,859,5428,2600,3470,1964,3803,686,1443,1284,854,1392,1615,3451,1245,4550,3973,616,5950,6401,5492,3861,3771,365,391,366,2497,85943.3,1081641,1469211.15547,1078,540,2125,1526,304,2803,5097,2925,1109,5217,2860,3298,1639,3337,658,1139,1862,765,1657,1507,3602,1082,4429,4128,718,5174,6653,5710,4260,4380,290,369,465,2351,85054.4,1081641,1469211.15547
"28_VERIO.long.template_28",1113,853,2396,1634,421,3139,7479,3694,1059,4655,3179,3490,2380,4485,727,1692,1354,897,1468,1648,4909,1380,5055,4177,811,6857,8237,5581,4046,3499,345,536,345,2323,95862.7,1235505,1612715.48335,1248,962,2646,1433,473,3506,4894,3932,1124,5206,3100,3286,2409,3871,684,1390,1413,766,1340,1529,4241,1646,5475,3858,1079,6279,7849,5375,4518,5407,279,508,456,2715,94896.8,1235505,1612715.48335
"28_SKYRA.long.template_28",1143,848,2392,1613,412,3168,7684,3726,1033,4773,3374,3471,2367,4478,716,1667,1363,884,1438,1624,4798,1344,4971,4181,771,6781,8090,5654,4029,3525,348,576,346,2397,95987,1234251,1612715.48335,1289,972,2611,1474,454,3524,5022,3955,1150,5343,3143,3374,2365,3923,707,1371,1408,744,1324,1512,4143,1644,5381,3850,1092,6237,7670,5399,4503,5434,281,557,453,2634,94945,1234251,1612715.48335
"29_VERIO.long.template_29",892,635,2396,1650,328,3077,5836,3387,984,4921,2577,3177,1987,4146,700,1380,1474,953,1780,1479,3700,1282,4726,4388,624,5798,6802,5654,3902,3396,289,416,333,2554,87613.2,1127206,1441405.77163,1193,681,2223,1631,536,3124,4856,3556,1012,5003,2744,3089,1894,3687,675,1158,1530,833,1234,1447,4045,1399,4721,4139,960,5790,7196,5197,3720,3717,238,439,457,2252,86374.7,1127206,1441405.77163
"29_SKYRA.long.template_29",908,627,2373,1618,327,3051,5956,3348,986,4949,2583,3164,1943,4119,681,1365,1459,933,1731,1463,3609,1276,4638,4389,614,5701,6658,5731,3845,3422,293,429,330,2530,87051.6,1099008,1441405.77163,1216,669,2197,1640,502,3097,4924,3528,999,5076,2780,3110,1783,3599,670,1119,1494,799,1217,1432,3946,1392,4565,4112,934,5739,7027,5260,3689,3707,234,429,452,2192,85530.8,1099008,1441405.77163
"30_VERIO.long.template_30",749,617,1711,1614,479,3513,4844,3714,868,5289,3001,2976,2135,3390,608,1350,1180,982,1794,1380,4371,1142,4354,4452,630,6618,6339,5950,3574,3547,358,507,339,2391,86766,1181198,1563852.07031,1055,554,1844,1392,598,3572,4713,3893,948,4991,2908,2107,1671,3609,701,1330,1227,739,1265,937,4265,1284,4399,4348,963,5533,7502,5569,3958,3896,283,414,464,2680,85610.9,1181198,1563852.07031
"30_SKYRA.long.template_30",773,606,1682,1585,490,3585,4968,3713,871,5454,2891,2976,1929,3371,609,1317,1174,967,1756,1407,4288,1118,4313,4439,608,6559,6215,6023,3536,3574,363,514,345,2471,86490.7,1177262,1563852.07031,1077,545,1807,1401,593,3595,4814,3858,933,5159,2916,2120,1635,3658,723,1307,1212,727,1237,923,4194,1267,4301,4350,949,5494,7343,5684,3926,3924,280,413,452,2703,85515.2,1177262,1563852.07031
"31_VERIO.long.template_31",1116,669,1903,1670,484,3078,5758,3334,1113,5297,3089,3699,2316,4073,684,1698,1526,983,1713,1629,4400,1278,5164,4175,612,6978,7338,6420,3780,3842,316,459,282,2622,93494.7,1285869,1763477.14468,1210,761,2358,1644,655,3035,5326,3807,1208,5256,3188,3155,2322,3406,671,1421,1608,787,1436,1361,4731,1363,5278,3928,986,7051,7321,5619,3961,4741,312,483,348,2496,93231.4,1285869,1763477.14468
"31_SKYRA.long.template_31",1169,640,1900,1699,444,3131,5822,3346,1099,5497,3062,3800,2232,4038,683,1680,1495,967,1688,1596,4335,1277,5157,4133,612,7026,7205,6527,3766,3848,324,452,293,2589,93533,1280251,1763477.14468,1236,729,2355,1695,634,3032,5436,3800,1191,5458,3154,3215,2299,3379,678,1422,1639,784,1442,1367,4713,1365,5251,3887,988,7082,7200,5690,3952,4737,315,483,348,2480,93435.1,1280251,1763477.14468
"32_VERIO.long.template_32",923,692,2557,1349,373,3042,5872,3316,1084,4838,2692,2967,1771,3566,663,1540,1537,894,1660,1154,3855,1140,4727,4107,543,5358,7399,5024,3767,3937,317,404,272,2139,85481.6,1134130,1505118.75071,1011,678,2262,1150,442,3139,5418,3559,1033,4802,2965,2959,1779,3390,725,1216,1755,682,1435,1187,3814,1224,4346,4154,969,6685,7181,5472,3718,3503,257,501,399,2616,86409.9,1134130,1505118.75071
"32_SKYRA.long.template_32",950,675,2498,1377,385,3039,5976,3346,1084,4962,2738,3005,1806,3613,662,1494,1539,858,1620,1181,3675,1157,4576,4048,581,5429,7186,5022,3755,3934,344,412,281,2217,85423.4,1131120,1505118.75071,1038,664,2249,1193,456,3181,5594,3580,1045,4985,2989,3076,1806,3421,732,1202,1756,666,1445,1223,3682,1209,4234,4114,924,6622,6915,5485,3717,3506,258,509,395,2587,86459.8,1131120,1505118.75071
"33_VERIO.long.template_33",966,1021,3041,2141,585,4394,6679,4941,993,7263,3805,4101,2504,4758,902,2043,1923,1138,2299,2410,4634,1382,5906,5703,1039,8317,9918,6574,4699,4891,416,515,434,2763,115099,1447871,1859856.57055,1138,1090,2844,2010,577,4242,5379,4657,1083,6763,3771,4348,2982,4359,921,1630,2011,930,1854,1987,4840,1625,5973,5342,1250,7957,9095,7168,5833,5931,343,574,616,2583,113704,1447871,1859856.57055
"33_SKYRA.long.template_33",1023,1000,2958,2167,580,4441,6629,4981,977,7452,3741,4146,2548,4753,895,1899,1900,1126,2227,2437,4318,1345,5669,5554,1027,8300,9567,6499,4651,4822,418,551,438,2810,113849,1415539,1859856.57055,1175,1060,2767,2042,549,4256,5542,4722,1090,6908,3812,4425,3062,4341,945,1581,1983,907,1832,2046,4617,1618,5630,5234,1258,7975,8632,7032,5746,5818,359,570,623,2623,112776,1415539,1859856.57055
"34_VERIO.long.template_34",927,1088,2183,1660,442,2915,5180,3962,762,5243,2552,2787,2092,3746,566,1280,1410,886,1314,1500,3564,1109,4327,3950,882,6922,6804,4611,3400,3360,350,531,292,2375,84973.1,1129889,1434765.90539,791,624,2291,1392,494,3410,4434,4220,748,5074,2626,2743,1844,3466,568,1143,1534,785,1228,1381,3228,1149,4205,3811,995,6154,7998,5295,3653,4240,268,484,396,2103,84773.9,1129889,1434765.90539
"34_SKYRA.long.template_34",959,1065,2111,1693,443,2940,5291,4017,769,5431,2565,2878,2082,3751,553,1251,1405,874,1300,1514,3458,1089,4255,3910,858,6807,6621,4665,3367,3330,359,579,282,2400,84868.1,1121186,1434765.90539,811,614,2219,1414,503,3522,4534,4223,748,5243,2655,2835,1830,3435,579,1121,1514,757,1215,1417,3135,1150,4123,3805,1002,6089,7819,5344,3604,4237,272,499,385,2107,84758.6,1121186,1434765.90539
"35_VERIO.long.template_35",1005,632,1642,1357,238,2998,6055,2861,954,5009,2588,2766,2216,3442,670,1293,1243,868,1599,1129,3493,1049,4601,3346,484,5444,6316,4902,3643,3472,300,355,274,2387,80633.7,1060177,1453388.51683,1031,478,2027,1179,435,3353,4160,3645,892,4489,2414,2538,1861,3207,606,1233,1444,644,1111,1073,3850,1201,4422,3330,495,5391,7245,5001,3725,4730,268,418,388,2366,80620.9,1060177,1453388.51683
"35_SKYRA.long.template_35",1034,620,1623,1398,224,3027,6245,2856,907,5183,2460,2851,1909,3435,647,1249,1237,852,1593,1158,3396,1054,4553,3352,487,5415,6188,4963,3646,3475,310,354,275,2333,80308.5,1059945,1453388.51683,1038,476,2023,1194,453,3359,4281,3644,870,4573,2428,2572,1963,3204,617,1221,1449,632,1113,1082,3825,1184,4344,3321,492,5343,7129,5062,3687,4766,265,445,387,2440,80880.1,1059945,1453388.51683
"36_VERIO.long.template_36",1043,734,2080,1302,405,3364,5288,3564,1118,4868,3148,2744,2022,3933,714,1532,1598,915,1517,1178,4129,1230,4456,4162,579,5888,7153,4884,3602,4879,285,509,354,2900,88077.2,1137399,1499400.54582,1259,427,2184,1420,512,3114,4612,3703,1030,5082,3080,2929,1871,3532,678,1299,1507,812,1264,1212,4744,1107,4570,4058,701,5290,7153,5658,4137,3849,227,471,444,2422,86358.3,1137399,1499400.54582
"36_SKYRA.long.template_36",1077,729,2085,1281,433,3371,5385,3554,1114,4970,3151,2791,1956,3901,716,1485,1582,885,1488,1213,3950,1230,4258,4114,571,5806,7018,4877,3562,4850,284,518,360,2511,87078.2,1117374,1499400.54582,1282,416,2143,1402,506,3164,4656,3711,1034,5216,3067,3012,1845,3525,665,1227,1492,776,1241,1244,4452,1091,4484,4059,701,5283,6999,5637,4109,3846,211,489,410,2558,85951.2,1117374,1499400.54582
"37_VERIO.long.template_37",768,685,2136,1464,499,3119,5732,3702,907,5502,2590,2944,1949,3378,673,1421,1693,849,1743,1475,4042,1124,4570,4034,631,6055,7833,5610,3608,3314,305,420,333,2313,87420.1,1214441,1580809.61102,1052,607,1730,1299,545,3495,4327,3761,1012,4667,2801,2789,1658,3268,723,1394,1749,671,1516,1242,3760,999,4367,3993,989,6307,7969,5849,3802,3688,261,504,441,2524,85758.7,1214441,1580809.61102
"37_SKYRA.long.template_37",797,682,2137,1512,502,3129,5809,3744,922,5666,2627,2930,1954,3395,663,1416,1704,822,1758,1488,4001,1125,4490,4046,622,6041,7725,5750,3615,3347,315,468,349,2411,87960,1210142,1580809.61102,1072,597,1745,1308,541,3535,4488,3749,1017,4845,2814,2824,1657,3287,704,1375,1779,647,1491,1247,3676,1000,4297,4032,958,6261,7938,5979,3772,3695,263,522,450,2553,86116,1210142,1580809.61102
"38_VERIO.long.template_38",1104,874,2502,1726,575,3693,6904,4138,1185,5432,3616,3821,2514,4256,856,1731,1695,1074,1938,1844,4777,1469,5631,4575,781,6381,8681,6286,4461,3660,371,553,358,2502,101964,1354968,1800110.63518,1242,995,2859,1629,440,3501,5195,4095,1080,5822,3317,3477,2303,3812,712,1788,2266,912,1678,1590,4911,1703,5513,4384,1170,6491,8696,6434,4690,3867,287,516,449,2549,100349,1354968,1800110.63518
"38_SKYRA.long.template_38",1135,868,2513,1712,580,3745,7037,4196,1228,5640,3304,3866,2391,4344,843,1694,1693,1083,1951,1794,4636,1462,5590,4590,758,6485,8569,6362,4511,3702,378,538,365,2482,102043,1371744,1800110.63518,1288,996,2877,1619,437,3626,5534,4207,1094,6128,3371,3557,2312,3874,718,1769,2314,898,1707,1628,4764,1719,5388,4465,1179,6538,8574,6527,4688,3958,298,536,445,2598,101634,1371744,1800110.63518
"39_VERIO.long.template_39",983,773,2508,1702,433,2903,5578,3272,899,4874,2682,3275,1981,3723,615,1675,1442,897,1918,1662,3694,1370,4997,4038,727,6376,6880,5376,3586,3388,244,450,283,2333,87536.6,1168214,1508092.00217,976,691,2385,1672,556,3134,3779,3047,1031,5311,2803,2981,1989,2972,680,1485,1617,727,1432,1526,4328,1165,4952,3844,1081,6370,7446,5323,3969,4366,238,473,432,2512,87292.6,1168214,1508092.00217
"39_SKYRA.long.template_39",1029,767,2462,1724,413,2902,5654,3254,904,4928,2696,3355,1987,3689,599,1608,1406,862,1866,1638,3511,1352,4898,3930,715,6331,6731,5352,3525,3360,260,459,292,2358,86814.4,1135146,1508092.00217,969,688,2336,1708,519,3111,3799,3066,1012,5414,2876,3106,2010,2925,673,1445,1590,686,1403,1535,4171,1141,4795,3755,1050,6304,7214,5267,3961,4356,246,509,439,2525,86602.8,1135146,1508092.00217
"40_VERIO.long.template_40",823,501,1913,1247,419,2990,4933,2701,779,4890,2706,2279,1839,3214,619,1174,1317,759,1474,1276,3633,951,4291,3213,365,6026,6205,4693,3397,3247,285,352,288,1971,76772.7,1041384,1415312.77001,1011,540,2691,1173,452,2473,4414,2707,714,4756,2455,2749,1399,2913,589,1109,1443,569,1131,1110,3561,959,4409,3231,647,5219,6089,4744,3541,3791,231,399,361,1934,75511.8,1041384,1415312.77001
"40_SKYRA.long.template_40",849,482,1925,1241,431,2958,5124,2711,803,4952,2508,2229,1650,3163,597,1183,1299,753,1450,1265,3660,937,4271,3280,361,6009,6206,4785,3374,3286,284,368,286,1924,76604.3,1023627,1415312.77001,1019,541,2659,1185,452,2446,4527,2663,720,4825,2432,2745,1391,2853,591,1113,1432,567,1109,1095,3573,959,4385,3275,654,5220,6029,4862,3525,3837,239,417,367,1921,75628.6,1023627,1415312.77001
"41_VERIO.long.template_41",1259,1104,2046,1904,382,3383,4833,4489,890,5144,2956,3509,2562,4566,684,1558,1985,1009,2459,1764,3820,1457,4505,3299,629,9205,9468,4035,3889,3718,405,467,327,2943,96645.1,1216841,1557355.14957,1226,682,2664,2031,437,3273,5558,4397,1505,5161,2852,3389,1901,4505,650,1308,1453,764,1178,1738,4200,1187,5327,4054,1043,5877,7952,6434,4217,5069,292,433,384,2542,95687.2,1216841,1557355.14957
"41_SKYRA.long.template_41",1286,1096,2057,1964,383,3409,4954,4500,892,5282,2934,3578,2429,4618,675,1584,1939,1007,2462,1828,3868,1456,4496,3336,617,9151,9351,4128,3890,3765,417,487,320,2567,96728.5,1216687,1557355.14957,1260,672,2642,2075,467,3290,5753,4470,1514,5326,2835,3456,1922,4525,654,1318,1461,751,1170,1767,4179,1184,5290,4079,1033,5838,7871,6599,4209,5115,294,460,386,2793,96658.5,1216687,1557355.14957
"42_VERIO.long.template_42",974,710,1879,1472,370,3096,5420,3445,863,4299,2885,3148,1974,3936,560,1514,1418,962,1698,1470,3750,1180,5136,3991,582,5432,6997,4878,3647,3501,302,366,325,2278,84455.5,1080642,1414003.89857,1070,578,2018,1436,245,3029,5640,3817,1057,5146,2997,2476,1757,3605,588,1118,1713,865,1590,1128,3722,1140,4150,3888,877,6009,6831,4920,4208,3499,252,398,420,2278,84463.2,1080642,1414003.89857
"42_SKYRA.long.template_42",1012,708,1861,1495,393,3134,5581,3511,838,4495,2907,3234,1957,3957,572,1519,1402,923,1724,1475,3724,1190,5117,3975,556,5437,6907,4942,3673,3529,315,406,340,2328,85134.6,1098694,1414003.89857,1128,585,2038,1499,267,3091,5862,3908,1046,5413,3037,2561,1745,3614,614,1127,1722,854,1600,1191,3659,1107,4124,3847,879,5990,6757,5007,4230,3539,256,401,439,2328,85462.6,1098694,1414003.89857
"43_VERIO.long.template_43",1169,907,2287,1942,453,3600,6802,3497,1253,5627,3211,3671,2347,4105,735,1728,1655,995,1679,1795,4438,1445,5513,4565,823,8271,8727,4892,4299,4271,409,567,382,2521,100584,1331877,1709049.54585,1076,714,2299,1893,713,3420,4519,4917,1171,5564,3360,3283,2437,3868,773,1418,1603,1013,1582,1756,4750,1432,5305,4434,1099,8260,8739,5432,4786,4981,341,485,523,2627,100572,1331877,1709049.54585
"43_SKYRA.long.template_43",1202,868,2275,1985,480,3605,6943,3530,1260,5815,3212,3790,2354,4129,732,1691,1636,981,1655,1803,4351,1435,5410,4557,801,8187,8490,4946,4306,4246,420,610,381,2595,100680,1321498,1709049.54585,1101,703,2254,1956,712,3471,4626,4942,1198,5793,3398,3387,2357,3887,774,1391,1602,975,1589,1800,4647,1429,5182,4422,1026,8191,8456,5494,4757,5005,344,516,539,2560,100481,1321498,1709049.54585
"44_VERIO.long.template_44",756,646,2113,1496,408,2586,4533,2996,778,4338,2558,2378,1967,2964,567,1796,1415,859,1397,1419,3823,1158,4323,3205,444,5648,7042,4246,3477,3127,275,463,279,2296,77778,1080420,1391925.65429,1022,371,2405,1351,492,2630,4022,2816,999,4374,2623,2262,1809,2880,625,1406,1621,790,1228,1127,3464,996,4607,3481,800,5487,7359,4349,3816,3482,261,407,356,2134,77851.9,1080420,1391925.65429
"44_SKYRA.long.template_44",780,644,2103,1506,410,2615,4666,3044,781,4440,2570,2399,1988,2991,563,1779,1435,866,1385,1459,3762,1150,4231,3197,433,5667,6958,4288,3453,3178,278,455,280,2306,77890.9,1078640,1391925.65429,1047,377,2378,1386,481,2667,4156,2847,997,4460,2679,2293,1809,2861,652,1400,1622,783,1220,1158,3448,999,4540,3481,793,5534,7248,4375,3804,3541,254,413,356,2173,78228.6,1078640,1391925.65429
"45_VERIO.long.template_45",1023,693,1996,1983,563,3358,7411,3627,1130,5174,2976,3179,2216,3941,686,1325,1630,1088,1719,1560,4313,1527,5234,4275,690,5765,8352,6274,3743,4044,307,515,434,2759,95510.6,1296112,1583163.75651,1318,576,2347,1664,486,3450,5368,3756,1118,4991,3295,2738,2695,3514,652,1363,1892,792,1635,1443,4254,1103,5249,4284,987,6305,8017,6301,4700,4720,294,532,509,2708,95053.8,1296112,1583163.75651
"45_SKYRA.long.template_45",1046,685,2021,1978,615,3401,7539,3702,1145,5338,2967,3133,2204,3965,679,1305,1636,1059,1724,1529,4268,1536,5215,4324,677,5786,8270,6376,3742,4103,297,511,417,2888,96080.2,1284039,1583163.75651,1341,562,2320,1636,477,3480,5537,3726,1082,5165,3283,2772,2662,3512,660,1358,1893,778,1631,1441,4153,1111,5150,4309,974,6277,7889,6442,4688,4762,305,543,505,2803,95228,1284039,1583163.75651
"46_VERIO.long.template_46",731,817,2169,1813,482,3336,5162,3468,1105,5551,2493,3238,1919,3536,590,1463,1292,853,1710,1574,4031,1486,5052,4096,677,5438,7029,5703,3250,3478,345,495,300,2816,87257.8,1169140,1591210.83476,933,616,2441,1403,445,3744,4887,2928,1180,5254,2863,2578,1875,3152,719,1260,1924,743,1558,1175,4089,1367,5029,4063,709,5891,7287,5616,3957,3963,304,433,523,2832,87738.9,1169140,1591210.83476
"46_SKYRA.long.template_46",749,818,2050,1899,513,3364,5217,3532,1094,5870,2581,3373,1841,3514,605,1395,1284,869,1684,1610,3945,1436,5024,4075,640,5268,6679,5711,3259,3376,310,555,302,2869,87311,1180691,1591210.83476,923,609,2347,1450,464,3746,4960,2944,1172,5496,2880,2605,1820,3174,728,1197,1899,728,1536,1210,3998,1326,4918,3997,687,5659,6910,5656,3953,3993,296,459,516,2889,87143.8,1180691,1591210.83476
"47_VERIO.long.template_47",1029,800,2677,1699,298,3758,6012,3227,1097,5828,3095,3360,2295,3720,769,1443,1457,904,1750,1463,3825,1193,4999,4493,927,7916,8665,5928,4360,4223,317,442,365,2630,96963.9,1254162,1753054.19489,1323,635,2271,1745,280,3292,4794,3348,1199,5755,3272,3300,2013,3423,728,1482,1951,738,1675,1338,4082,1302,4751,4397,983,7304,9258,6197,4247,4254,318,487,454,2901,95498,1254162,1753054.19489
"47_SKYRA.long.template_47",1049,793,2604,1712,265,3775,6088,3248,1104,6094,3106,3457,2232,3732,748,1425,1441,884,1748,1503,3714,1187,4915,4450,880,7880,8473,5979,4353,4239,337,434,384,2599,96832.9,1246423,1753054.19489,1351,617,2216,1774,234,3291,4898,3365,1215,5965,3250,3385,2039,3420,711,1480,1934,734,1679,1367,3959,1297,4622,4431,995,7247,9016,6195,4196,4262,332,514,456,2814,95261.8,1246423,1753054.19489
"48_VERIO.long.template_48",910,647,2578,1392,275,2860,6156,2834,723,4547,2886,2587,2008,3316,672,1557,1251,1006,1497,1229,3881,1160,4587,3741,597,6870,7298,5513,3804,3625,333,385,315,2202,85243.4,1102747,1415039.2352,1088,603,2362,1299,515,3080,5184,2823,716,5158,2767,2407,1728,3232,709,1365,1418,701,1538,1123,3927,1117,5024,4236,901,5990,7696,5799,3575,3264,270,431,372,2761,85174.8,1102747,1415039.2352
"48_SKYRA.long.template_48",937,635,2587,1421,297,2941,6377,2891,724,4792,2587,2678,1919,3337,671,1530,1261,978,1491,1288,3807,1158,4509,3764,579,6820,7106,5686,3792,3687,341,397,310,2211,85510.8,1101640,1415039.2352,1106,603,2319,1333,512,3053,5325,2859,724,5422,2792,2508,1749,3246,718,1349,1419,686,1505,1155,3878,1120,4917,4254,892,5918,7472,5913,3535,3268,264,455,385,2740,85393.4,1101640,1415039.2352
"49_VERIO.long.template_49",983,1006,2088,2021,529,3347,5209,3768,1167,6581,2639,3730,2326,3589,714,1380,1317,823,1558,2027,4119,1322,5193,4405,700,7237,7654,5339,3817,4043,360,422,407,2289,94109.4,1252591,1674510.63411,925,834,2704,1890,443,3827,5146,3874,1206,5721,3034,3126,1934,3108,750,1362,1953,821,1498,1733,4906,1264,5254,4323,1075,6381,7925,5413,3869,4288,231,461,402,2424,93997.2,1252591,1674510.63411
"49_SKYRA.long.template_49",1011,978,2052,1984,530,3389,5340,3783,1169,6749,2751,3772,2396,3569,715,1356,1323,787,1527,1966,4012,1291,5060,4409,662,7158,7475,5391,3815,4068,367,416,404,2352,94025.7,1245256,1674510.63411,953,797,2665,1867,455,3858,5295,3889,1190,5921,3059,3213,1844,3078,772,1356,1925,792,1480,1761,4827,1237,5147,4312,1019,6293,7716,5520,3825,4327,241,485,406,2373,93896.9,1245256,1674510.63411
"50_VERIO.long.template_50",885,909,2007,1458,354,2876,5503,3638,966,4460,2702,3455,2189,3778,674,1445,1770,842,1867,1338,4161,1344,4540,4495,607,6510,7117,5482,3694,3926,392,539,290,2210,88396.1,1234354,1614779.94127,824,763,1808,1348,503,3145,4346,3839,965,4437,2686,2568,1976,3733,827,1382,2231,754,1684,1224,4173,1241,4582,4305,923,6716,7021,4843,3956,3935,300,563,419,2482,86503.7,1234354,1614779.94127
"50_SKYRA.long.template_50",896,905,2011,1401,386,2875,5480,3628,926,4399,2702,3425,2175,3753,670,1449,1746,831,1783,1287,4102,1336,4517,4409,554,6377,6977,5461,3643,3911,383,537,292,2227,87454.7,1210496,1614779.94127,815,796,1788,1374,489,3173,4333,3757,999,4433,2683,2577,1946,3643,861,1391,2186,689,1610,1226,4084,1267,4477,4293,935,6560,6900,4841,3857,3885,285,586,428,2442,85606.9,1210496,1614779.94127
"51_VERIO.long.template_51",1011,894,2223,1265,429,3018,5764,3436,974,4540,2682,3179,2113,3751,813,1506,1374,693,1496,1343,4071,1169,4251,3976,627,7227,8204,5955,3998,4820,258,384,365,2555,90364.7,1211449,1529806.04297,1084,712,2288,1517,460,2877,4920,3868,1047,4373,2759,2680,2273,3710,773,1202,1872,717,1692,1341,3706,1151,4345,3974,845,7311,8013,6125,3889,4716,309,464,396,2348,89755.2,1211449,1529806.04297
"51_SKYRA.long.template_51",1015,871,2221,1260,430,3031,5653,3404,970,4529,2659,3143,2029,3689,783,1478,1396,712,1503,1355,4036,1168,4199,3866,622,7281,8221,5885,3937,4864,260,385,370,2615,89734.3,1195193,1529806.04297,1103,714,2298,1538,428,2903,4901,3857,1044,4340,2751,2790,2273,3611,770,1187,1880,677,1642,1367,3655,1182,4307,3929,846,7349,8015,6135,3816,4669,318,473,418,2343,89530.9,1195193,1529806.04297
"52_VERIO.long.template_52",826,535,1630,1180,314,2502,4651,2796,736,3786,2493,2744,1734,2965,557,1255,1202,827,1349,1333,3152,1089,3756,3306,543,5388,6378,4400,3163,2916,262,457,268,1855,72350.5,962357,1222836.58084,788,531,1692,977,386,2774,3974,2952,829,3955,2407,2545,1690,2622,577,1064,1306,664,1114,1217,3132,918,3641,3227,672,4864,6757,4455,2992,3375,255,451,335,2180,71317.6,962357,1222836.58084
"52_SKYRA.long.template_52",846,535,1616,1179,314,2501,4666,2783,738,3782,2624,2799,1725,2923,566,1266,1198,812,1345,1343,3143,1087,3752,3298,553,5405,6301,4425,3113,2936,263,435,266,1858,72394.6,959402,1222836.58084,805,546,1712,1004,373,2774,3979,2892,828,3899,2377,2545,1677,2580,563,1076,1333,645,1104,1218,3125,926,3661,3223,673,4840,6740,4495,2972,3373,262,464,342,2201,71224.4,959402,1222836.58084
"53_VERIO.long.template_53",902,719,2258,1696,445,3564,5101,3212,923,5609,2903,3402,2166,3429,692,1431,1500,883,1485,1602,4116,1059,4890,4436,800,6224,6735,5239,3665,3739,341,476,334,2117,88095.8,1144880,1467146.47527,1081,560,2454,1517,371,3548,3774,3343,950,5362,2985,3540,2120,3187,598,1243,1545,737,1324,1353,4102,1045,5044,4457,774,6466,6978,5143,4185,3949,279,554,511,2452,87528.4,1144880,1467146.47527
"53_SKYRA.long.template_53",915,715,2214,1728,440,3576,5235,3196,914,5726,3051,3425,2223,3387,695,1389,1525,871,1464,1597,4069,1069,4830,4401,785,6158,6597,5375,3641,3730,334,481,351,2173,88117.4,1139406,1467146.47527,1100,561,2396,1570,368,3516,3872,3362,946,5531,3008,3593,2090,3170,589,1229,1531,736,1328,1351,4114,1034,5007,4456,846,6366,6849,5292,4155,3978,284,505,508,2463,87701.4,1139406,1467146.47527
"54_VERIO.long.template_54",762,823,2096,2122,319,3194,6553,3341,1065,5362,2651,3879,1964,3779,781,1638,1352,932,1568,2122,3594,1258,4957,3887,733,5508,8017,5171,3581,2995,356,438,360,2372,89526,1154539,1480785.82508,867,698,1899,1748,553,3145,4601,4141,1312,5422,2729,3826,1942,3573,757,1372,1756,812,1500,1647,3902,1322,4546,3713,779,6271,7204,4959,4069,3626,335,504,523,2451,88472.5,1154539,1480785.82508
"54_SKYRA.long.template_54",796,769,2072,2069,310,3195,6435,3349,1024,5259,2598,3808,1934,3742,790,1605,1336,902,1525,2092,3480,1234,4788,3820,697,5432,7817,5059,3482,2969,342,459,329,2418,87937.8,1128417,1480785.82508,897,684,1887,1694,529,3126,4543,4048,1296,5349,2714,3799,1921,3467,747,1317,1699,784,1483,1627,3755,1304,4408,3648,773,6131,7028,4803,3988,3544,310,479,510,2408,86699.2,1128417,1480785.82508
"55_VERIO.long.template_55",1159,727,3110,1950,643,3991,7222,4435,1289,5636,3541,4061,2475,4621,717,2170,2146,958,2234,1944,5429,1609,6027,4780,828,7707,9612,6414,4939,5311,339,643,414,2691,111376,1463361,1871342.35433,1340,770,3228,1664,670,4008,6124,5392,1555,6379,3346,3334,2354,5119,855,1574,2124,886,1433,1590,5024,1474,6589,4592,1282,8010,9282,6853,4977,5052,256,627,490,2890,111141,1463361,1871342.35433
"55_SKYRA.long.template_55",1199,742,3039,1958,631,3985,7413,4413,1219,5869,3325,4132,2411,4614,728,2123,2137,924,2206,1950,5315,1597,5903,4804,794,7802,9483,6546,4956,5381,340,582,428,2588,111535,1453572,1871342.35433,1386,773,3205,1684,709,4075,6331,5402,1555,6543,3359,3370,2304,5179,823,1541,2137,883,1444,1594,4905,1499,6506,4638,1154,8059,9172,6944,4989,5147,279,692,512,2856,111639,1453572,1871342.35433
"56_VERIO.long.template_56",1009,587,2668,1994,423,3797,5616,3899,1138,5907,2943,3884,2342,4473,880,1666,1306,905,1281,1752,5447,1095,6090,5137,652,7568,7451,6694,4226,4336,354,594,402,2503,101017,1347428,1701314.08404,1061,566,2357,2213,455,3379,3997,3697,1195,5929,2952,3802,2061,3845,688,1602,1802,805,1494,1984,5731,1198,6036,4182,1015,7097,7432,6104,4513,5468,302,496,523,2461,98438.3,1347428,1701314.08404
"56_SKYRA.long.template_56",1074,579,2668,1990,387,3873,5572,4101,1197,5895,2972,3844,2418,4499,857,1509,1330,894,1285,1776,5103,1096,5693,4955,631,7894,7385,6455,4203,4410,381,471,416,2575,100390,1331892,1701314.08404,1102,569,2287,2225,435,3479,4131,3820,1229,5964,3094,3765,2096,3878,671,1490,1837,792,1479,2053,5369,1200,5559,4115,972,7206,7370,6005,4498,5403,310,566,508,2673,98148.6,1331892,1701314.08404
"57_VERIO.long.template_57",1137,770,2582,1568,555,3335,6279,3773,957,5395,2926,3775,2382,3850,567,1473,1480,1103,1790,1798,4319,1452,5453,4487,749,7765,7922,6129,4295,4581,397,420,321,2433,98219.3,1250034,1693249.27646,1313,926,2776,1254,601,4019,5260,3779,1193,4982,2982,3191,2144,3722,709,1453,1873,877,1740,1281,4464,1315,5207,4401,1130,7129,8601,6904,4011,4069,232,455,443,2744,97178.8,1250034,1693249.27646
"57_SKYRA.long.template_57",1158,739,2520,1589,541,3359,6342,3801,956,5538,2923,3808,2267,3829,559,1437,1453,1076,1754,1809,4194,1411,5339,4462,734,7658,7687,6194,4272,4575,402,429,320,2422,97555.7,1236031,1693249.27646,1356,920,2741,1261,594,4020,5407,3762,1187,5141,3034,3291,2177,3716,704,1426,1861,856,1695,1308,4352,1282,5061,4362,1108,7070,8344,6961,3991,4080,232,480,437,2714,96932.9,1236031,1693249.27646
"58_VERIO.long.template_58",1010,798,1853,1570,361,3411,5727,3342,1024,4988,2879,3285,1936,4045,797,1500,1590,883,1727,1584,4502,1358,5047,4229,834,7214,8733,6271,3949,4156,397,466,389,2265,94120.5,1229259,1657458.82205,941,760,2468,1505,326,4168,4840,3637,1231,5267,2799,3086,1981,3137,842,1431,1455,816,1378,1470,4274,1434,5469,4171,876,6803,8543,6332,3971,4273,248,404,434,2579,93351.2,1229259,1657458.82205
"58_SKYRA.long.template_58",1040,806,1844,1568,365,3482,5872,3349,1037,5125,2876,3336,1929,4087,786,1449,1574,890,1718,1596,4370,1356,4960,4282,849,7230,8586,6376,3950,4186,412,472,380,2279,94419.8,1222148,1657458.82205,973,755,2436,1507,308,4249,5029,3741,1239,5396,2807,3116,1971,3155,847,1433,1444,803,1374,1509,4186,1420,5366,4234,845,6775,8396,6495,3967,4335,259,419,441,2516,93747,1222148,1657458.82205
"59_VERIO.long.template_59",1013,677,1954,1298,423,2845,5712,3678,1062,4853,3039,3131,2009,4218,718,1679,1445,950,1682,1243,4253,1230,4847,5388,669,7172,7273,6436,4112,3751,328,452,384,2398,92319.3,1180107,1623765.83052,1045,618,2398,1384,424,3733,5135,3835,1020,5952,2949,2587,1796,3637,730,1735,1558,726,1240,1219,4136,1381,5551,4463,900,6149,7471,6374,4430,4236,238,460,448,2905,92850,1180107,1623765.83052
"59_SKYRA.long.template_59",1051,676,1864,1351,416,2892,5847,3796,1076,5093,3071,3211,2060,4256,697,1619,1424,950,1652,1242,4106,1210,4722,5366,661,7172,6959,6446,4102,3734,365,471,397,2416,92366.6,1178321,1623765.83052,1068,617,2333,1403,428,3751,5234,3849,1010,6159,2962,2654,1790,3676,718,1684,1531,697,1212,1249,4002,1351,5335,4369,893,5984,7130,6269,4393,4184,239,484,455,2815,91927.4,1178321,1623765.83052
"60_VERIO.long.template_60",1013,706,2334,1772,373,3272,5433,3474,957,5320,2684,3777,2301,3541,768,1629,1247,953,1884,1824,4275,1270,5006,4107,707,7086,7526,5777,3767,4137,361,512,327,2772,92881.9,1229688,1696897.58994,1021,708,2412,1603,410,3269,4435,3945,1184,4926,2820,3009,1979,3675,693,1546,1889,747,1598,1617,4433,1296,5225,4081,1028,5704,7909,6506,4628,4036,281,450,411,3047,92517.7,1229688,1696897.58994
"60_SKYRA.long.template_60",1044,694,2337,1806,370,3315,5571,3552,951,5498,2721,3902,2287,3575,763,1620,1236,941,1841,1843,4210,1262,4895,4119,675,7076,7319,5846,3763,4139,379,523,335,2822,93230,1240888,1696897.58994,1039,709,2353,1635,423,3292,4568,4003,1198,5053,2853,3102,2006,3706,692,1508,1866,734,1604,1651,4391,1306,5149,4087,1029,5678,7729,6557,4648,4004,279,474,444,3046,92820.9,1240888,1696897.58994
"61_VERIO.long.template_61",823,817,1826,1692,610,2964,5449,3555,956,5067,2786,3259,2249,3362,544,1416,1020,965,1430,1579,3621,1398,5206,4107,737,6289,7553,5988,3157,3147,304,449,278,2536,87141,1209753,1524240.21405,788,559,1958,1528,537,2993,4322,3594,1014,4989,2999,3372,2119,2954,842,1329,1410,808,1210,1434,4733,1291,5134,4067,914,6232,7457,5233,3344,3860,265,529,427,2400,86426.5,1209753,1524240.21405
"61_SKYRA.long.template_61",847,811,1805,1766,584,2966,5612,3539,940,5312,2757,3286,2118,3321,552,1410,1031,932,1422,1622,3553,1379,5146,4150,718,6225,7425,6126,3111,3179,302,475,286,2367,87064.4,1197326,1524240.21405,808,558,1947,1569,525,3008,4451,3569,1025,5192,3016,3437,1963,2930,864,1305,1394,785,1194,1472,4647,1298,5051,4072,896,6242,7288,5349,3340,3862,278,575,448,2299,86657.1,1197326,1524240.21405
"62_VERIO.long.template_62",1080,796,2067,1680,351,3469,6238,3136,939,5558,3219,3726,2510,4073,808,1717,1455,1130,1662,1761,4608,1486,5292,4443,691,8149,8564,6414,4232,4579,331,463,400,2477,99502.4,1365252,1817329.30058,1008,757,2835,1710,374,3756,5465,3677,1089,5762,3225,3197,2251,4102,684,1605,1828,856,1526,1577,4401,1103,5654,4123,1273,6923,8204,6637,4373,3738,295,475,546,2476,97507.2,1365252,1817329.30058
"62_SKYRA.long.template_62",1110,781,2076,1681,363,3499,6191,3168,944,5480,3007,3763,2513,4045,805,1703,1427,1111,1653,1791,4505,1491,5197,4400,676,8059,8398,6307,4187,4551,321,477,405,2494,98579.3,1348195,1817329.30058,1026,757,2801,1679,359,3688,5413,3640,1061,5692,3235,3261,2061,3975,690,1582,1808,818,1537,1577,4276,1105,5569,4046,1232,6825,8034,6552,4313,3691,294,476,559,2477,96109.1,1348195,1817329.30058
"63_VERIO.long.template_63",991,735,2183,1456,438,2789,5645,3284,1047,4179,2610,3045,2201,3529,648,1602,1361,896,1602,1324,4017,1450,4912,4031,670,5833,6922,4990,3766,3663,326,424,350,2496,85261.4,1152285,1502330.50931,1199,572,2361,1279,440,2926,4221,3258,1029,4608,3210,2626,1826,3382,616,1425,1686,780,1580,1180,3680,1501,4780,3953,798,5500,7228,5443,4566,4689,246,457,486,2715,86246,1152285,1502330.50931
"63_SKYRA.long.template_63",996,741,2168,1510,441,2781,5547,3289,1031,4163,2634,3111,2195,3482,653,1555,1360,865,1611,1337,3858,1435,4796,3913,673,5831,6816,4869,3723,3634,304,436,346,2567,84671.6,1141542,1502330.50931,1228,577,2343,1320,408,2919,4159,3271,990,4578,3225,2671,1820,3321,615,1421,1662,780,1578,1178,3571,1491,4675,3892,797,5483,7181,5322,4451,4576,246,489,487,2784,85504.9,1141542,1502330.50931
"64_VERIO.long.template_64",975,780,2181,1571,367,3211,4772,3189,737,4666,2574,2718,1714,3173,615,1801,1347,768,1291,1332,4007,1101,4485,3547,715,5857,6908,5030,3445,3123,338,366,295,1927,80930.5,1042506,1400861.91664,1033,569,2378,1505,421,3068,3978,2958,783,5087,2555,2810,1958,3000,586,1498,1613,718,1311,1202,3794,1346,4457,3231,634,6196,7059,4865,3616,3476,262,465,402,2107,80941.5,1042506,1400861.91664
"64_SKYRA.long.template_64",1029,773,2178,1594,396,3252,4910,3225,729,4923,2577,2809,1764,3194,616,1776,1352,781,1279,1366,3984,1107,4481,3588,706,5853,6807,5186,3461,3166,342,404,316,1976,81900.5,1045443,1400861.91664,1072,562,2376,1525,411,3047,4058,2986,781,5296,2666,2807,1948,3007,591,1501,1580,709,1298,1238,3780,1311,4424,3272,624,6206,6959,4968,3615,3574,271,479,414,2134,81489.5,1045443,1400861.91664
"65_VERIO.long.template_65",1014,671,2042,1610,443,3623,5620,3914,852,4751,2864,2930,2385,3829,662,1656,1618,951,2153,1552,4284,1254,4848,4662,546,7284,7841,5842,3989,4249,374,559,307,2505,93684.1,1237870,1563266.6927,970,891,2362,1524,417,3463,5498,4119,1094,4934,3079,2570,2313,3791,701,1624,1870,889,1490,1227,4243,1462,5067,4401,1123,6668,8592,5408,4167,4498,277,497,471,2687,94389.7,1237870,1563266.6927
"65_SKYRA.long.template_65",1030,675,2032,1661,451,3693,5832,3897,852,4889,2846,3046,2127,3789,661,1646,1538,885,2007,1605,4346,1239,4931,4702,500,6580,7370,6058,3963,4261,331,526,322,2528,92818.8,1222787,1563266.6927,994,874,2301,1521,418,3489,5592,4139,1091,4929,2928,2734,2002,3768,690,1621,1874,852,1479,1258,4235,1446,5030,4469,1028,6414,8181,5547,4183,4543,222,497,467,2700,93513.5,1222787,1563266.6927
"66_VERIO.long.template_66",764,669,2143,1275,432,2916,4528,2930,768,4539,2598,2520,1714,3133,597,1500,1322,703,1397,1304,3758,1189,4156,3308,547,4974,6623,4241,3159,3188,296,456,269,2193,76106.5,1004462,1211458.38178,907,515,2027,1203,506,2951,3962,3274,771,3967,2560,2556,1621,2723,704,1333,1604,535,1182,1089,3597,1100,4417,3201,713,4901,7032,4679,3168,3423,216,516,344,2259,75554.1,1004462,1211458.38178
"66_SKYRA.long.template_66",792,680,2172,1266,408,2943,4668,3005,765,4685,2542,2584,1762,3183,602,1494,1350,705,1397,1332,3727,1181,4132,3402,569,5143,6629,4372,3134,3244,326,433,266,2213,77103.5,1005968,1211458.38178,938,514,2028,1241,502,2965,4098,3233,793,4093,2522,2661,1779,2695,715,1327,1598,536,1181,1113,3555,1107,4373,3253,923,4906,6975,4836,3111,3463,236,489,345,2276,76380.3,1005968,1211458.38178
"67_VERIO.long.template_67",989,650,1822,1060,372,2878,5318,3186,738,4085,2351,2364,1838,3314,620,1558,1538,768,1484,1238,3339,1171,4745,3714,577,5235,7047,4343,3755,3062,327,440,347,2154,78425.3,1075273,1403858.18387,1061,582,1915,1006,410,2975,3501,3163,837,4131,2722,2339,1764,3039,689,1332,1723,717,1396,1085,3576,1111,4232,3599,707,5679,7548,4656,3940,3625,251,508,439,2214,78468.7,1075273,1403858.18387
"67_SKYRA.long.template_67",1020,643,1798,1092,405,2939,5429,3198,745,4160,2345,2434,1822,3300,624,1525,1527,749,1487,1244,3233,1168,4583,3667,567,5199,6787,4342,3701,3082,324,455,349,2190,78132.2,1060393,1403858.18387,1094,575,1882,1054,406,3009,3608,3211,827,4268,2726,2432,1758,3074,712,1302,1716,689,1394,1104,3454,1112,4099,3582,728,5650,7410,4629,3940,3676,247,528,436,2236,78566,1060393,1403858.18387
"68_VERIO.long.template_68",744,928,2028,2019,509,3529,4649,3451,1068,6233,3314,3667,2353,3538,722,1666,1720,1254,2055,1995,4050,1301,4371,4127,791,7520,9670,6458,3743,3422,437,563,375,2306,96576.4,1288595,1640832.99821,914,724,2768,1600,451,3053,4323,4184,1258,5305,3496,3237,1971,3456,722,1474,1816,858,1597,1755,4692,1231,5065,4087,1055,7685,8755,7344,4272,4115,311,543,585,2729,97431.1,1288595,1640832.99821
"68_SKYRA.long.template_68",770,937,1967,2064,489,3519,4651,3435,1107,6432,3352,3623,2283,3515,713,1607,1654,1219,2004,1951,3741,1342,4210,4081,809,7415,9283,6393,3651,3429,433,596,381,2344,95403.3,1259845,1640832.99821,946,721,2663,1605,453,3075,4422,4194,1287,5417,3483,3311,1958,3456,695,1431,1795,827,1573,1765,4491,1218,4885,3993,1073,7572,8378,7250,4218,4109,310,526,582,2776,96362.3,1259845,1640832.99821
"69_VERIO.long.template_69",1045,995,2115,1605,287,3168,6049,3486,1106,5650,2598,3506,2125,4300,688,1587,1568,851,1691,1800,3921,1391,4748,4421,620,5903,7724,5317,3738,3700,382,543,329,2566,91523.4,1210329,1587570.58856,1399,857,2563,1609,435,3140,5834,3995,1319,5313,2768,3104,1848,4166,798,1399,1775,710,1341,1386,4348,1571,4945,4065,969,5696,8145,5476,3779,3639,303,424,342,2761,92223.8,1210329,1587570.58856
"69_SKYRA.long.template_69",1062,961,2110,1612,294,3222,6181,3531,1116,5904,2316,3594,1977,4327,690,1576,1542,815,1675,1839,3881,1350,4680,4413,596,5814,7607,5380,3704,3717,390,560,333,2613,91381.7,1208639,1587570.58856,1428,839,2534,1663,433,3190,5968,4052,1343,5531,2780,3220,1837,4126,797,1396,1762,694,1335,1406,4309,1544,4828,4075,986,5660,7993,5508,3779,3640,297,453,352,2699,92456.2,1208639,1587570.58856
"70_VERIO.long.template_70",987,845,2156,1517,358,2666,7187,3503,1057,5215,2799,3696,2299,4139,646,1642,1122,1104,1401,1709,4276,1622,5579,3693,773,7466,7710,5204,4010,3762,403,575,290,2454,93863.4,1215713,1614070.21106,1586,859,2662,1444,494,3277,5447,3353,1103,4372,2803,2843,1801,3325,692,1307,1454,768,1418,1524,4035,1494,5020,3559,1185,7226,7730,5786,4527,5701,225,529,478,2968,92994.7,1215713,1614070.21106
"70_SKYRA.long.template_70",1013,851,2096,1529,363,2712,7051,3457,1029,5307,2807,3747,2309,4109,630,1576,1133,1078,1373,1708,4018,1595,5333,3668,770,7464,7529,5088,3945,3712,393,563,285,2558,92798.5,1194876,1614070.21106,1616,837,2612,1484,465,3304,5460,3362,1091,4486,2777,2942,1791,3284,688,1279,1431,750,1394,1546,3807,1464,4861,3488,1175,7235,7503,5664,4509,5654,235,567,472,2961,92190.5,1194876,1614070.21106
"71_VERIO.long.template_71",1068,722,2309,1600,499,3349,6366,3991,1074,5332,2927,3148,2063,4703,770,1759,1513,1145,2089,1509,5053,1292,5185,4284,768,6699,7588,6361,4334,5130,323,559,350,2764,98626.4,1330340,1778680.90061,876,695,2408,1488,483,3475,4554,3772,1369,5569,3303,3015,2197,4326,715,1548,2211,820,1644,1348,5088,1461,5249,4126,1087,5835,8020,6434,4987,6018,289,567,507,2948,98429.8,1330340,1778680.90061
"71_SKYRA.long.template_71",1109,716,2280,1640,486,3373,6520,3990,1068,5508,2921,3235,2049,4717,765,1733,1502,1122,2054,1522,4917,1319,5093,4323,764,6692,7362,6573,4292,5155,323,492,374,2774,98763.6,1325628,1778680.90061,886,678,2355,1554,509,3512,4680,3800,1374,5716,3302,3090,2187,4317,693,1501,2190,807,1628,1403,4985,1440,5146,4127,1081,5848,7749,6511,5008,6071,301,533,501,3002,98469.5,1325628,1778680.90061
"72_VERIO.long.template_72",1065,681,2195,1765,361,3315,5783,3414,988,4756,2669,3282,2180,4250,684,1459,1703,788,1374,1634,4223,1138,4767,4896,654,6069,7512,5962,4031,4546,351,448,398,2723,92063.5,1210165,1537448.86285,1156,420,2489,1812,375,3224,5139,3117,1211,5444,2954,3224,2232,3393,587,1448,1865,698,1299,1585,4485,1080,5034,4456,844,5882,7836,5411,4859,4726,263,514,748,2798,92606.2,1210165,1537448.86285
"72_SKYRA.long.template_72",1097,660,2138,1775,356,3358,5849,3456,985,4901,2686,3365,2210,4254,692,1421,1693,788,1367,1643,4019,1125,4607,4825,634,6029,7334,5971,4015,4506,366,468,395,2754,91740,1192053,1537448.86285,1177,413,2378,1852,353,3232,5227,3158,1196,5578,2981,3355,2108,3375,584,1387,1866,674,1296,1629,4287,1069,4898,4416,772,5971,7621,5353,4905,4681,266,527,723,2795,92103.5,1192053,1537448.86285
"73_VERIO.long.template_73",909,788,2065,1284,422,2915,4960,3190,849,4153,2470,3057,1940,3259,690,1324,1293,757,1393,1460,3895,1391,4173,3552,662,5235,6851,4706,3443,3578,264,467,309,2072,79774.1,1115043,1470566.579,947,629,1911,1264,527,2978,4634,3341,925,4861,2390,2918,1976,3161,684,1081,1566,651,1274,1229,4041,1239,4273,3454,677,5351,6998,4827,3476,3579,248,431,338,2242,80120.9,1115043,1470566.579
"73_SKYRA.long.template_73",933,775,2023,1312,430,2936,4973,3235,851,4269,2212,3095,1864,3253,692,1293,1260,724,1339,1436,3686,1374,4073,3487,556,5250,6592,4650,3401,3524,251,489,323,2093,78653,1086176,1470566.579,957,618,1856,1278,497,2964,4663,3361,921,4983,2424,2926,1828,3132,690,1052,1552,635,1248,1220,3854,1232,4137,3414,631,5315,6757,4703,3418,3583,258,423,348,2243,78955.6,1086176,1470566.579
"74_VERIO.long.template_74",932,659,1958,1652,243,3358,5726,3400,1033,4922,2510,3316,1649,3655,693,1331,1322,1099,1498,1715,3892,1209,4356,3906,550,6058,7097,4946,3401,3668,269,389,282,2030,84726.9,1103432,1492305.6629,949,719,2352,1303,380,3213,4621,3621,947,4833,3053,3088,1785,3270,725,1410,1509,770,1243,1215,4088,991,4535,3813,944,5745,6527,5127,3883,4176,218,319,414,2054,83840.2,1103432,1492305.6629
"74_SKYRA.long.template_74",955,649,1932,1639,260,3392,5806,3439,1053,5063,2609,3381,1779,3697,714,1333,1320,1089,1481,1731,3797,1203,4365,3905,536,6022,6892,4992,3418,3741,280,407,287,2047,85213.6,1086726,1492305.6629,984,718,2308,1303,378,3239,4718,3674,952,5024,3028,3091,1691,3249,723,1382,1511,752,1238,1248,3920,1010,4444,3767,941,5646,6314,5072,3877,4170,219,339,422,2074,83422.6,1086726,1492305.6629
"75_VERIO.long.template_75",985,625,2768,1842,470,3301,5060,3312,941,5255,2735,2926,2083,3800,626,1718,1573,805,1533,1720,4602,1304,5135,4959,795,7255,8499,6460,4048,4203,256,454,378,2439,94867.7,1223286,1588295.3288,1071,538,2965,1601,513,3149,5695,3453,1061,4910,2907,3082,1994,3139,714,1374,1863,683,1626,1566,4297,1379,5023,4367,907,6420,8717,6208,4196,4621,250,442,459,2494,93679,1223286,1588295.3288
"75_SKYRA.long.template_75",1012,614,2695,1828,476,3288,5117,3309,928,5291,2725,2856,2006,3756,627,1683,1558,775,1497,1677,4400,1280,5003,4917,793,7173,8194,6463,3977,4205,261,472,391,2478,93718.3,1196021,1588295.3288,1092,528,2933,1625,518,3153,5766,3443,1106,5063,2884,3139,1877,3135,725,1342,1829,671,1596,1583,4106,1359,4905,4327,867,6376,8463,6231,4147,4632,244,462,463,2470,93059.2,1196021,1588295.3288
"76_VERIO.long.template_76",1014,860,2297,1551,381,3087,5152,3889,886,4876,2805,3032,2244,3833,641,1828,1609,1029,1556,1697,4281,1318,5211,4081,676,6538,8178,5740,4026,3991,300,463,359,2392,91821.3,1178614,1593832.48468,1057,656,2284,1441,455,3368,4590,3674,887,5022,2928,2840,2165,3571,686,1798,1733,808,1193,1648,4269,1231,4970,3860,1001,6346,8781,6174,4172,4460,322,531,492,2233,91647.9,1178614,1593832.48468
"76_SKYRA.long.template_76",1042,874,2286,1595,374,3151,5287,3950,905,5001,2775,3130,2217,3872,647,1776,1608,995,1553,1650,4179,1305,5077,4079,668,6533,8004,5840,3984,4058,295,491,362,2249,91812,1170905,1593832.48468,1088,654,2253,1456,456,3402,4716,3703,911,5233,2956,2984,2146,3533,679,1761,1722,802,1175,1647,4136,1245,4855,3883,994,6325,8560,6269,4134,4504,323,557,472,2234,91769.3,1170905,1593832.48468
"77_VERIO.long.template_77",814,829,2218,1827,348,3699,5673,4188,1013,5770,3538,3483,2385,4323,681,1400,1577,914,1757,1853,4631,1524,5287,4485,716,7663,9626,5984,4602,4784,393,498,395,2554,101433,1352284,1792841.9253,1122,834,2422,1598,415,3392,4713,4302,1103,5607,3644,3346,2450,4393,616,1560,1643,882,1570,1525,4967,1503,5429,4617,1164,7053,8961,5305,4755,5886,333,521,423,2768,100822,1352284,1792841.9253
"77_SKYRA.long.template_77",831,829,2158,1808,331,3662,5780,4200,985,5817,3257,3449,2362,4333,668,1367,1591,928,1742,1880,4425,1519,5150,4461,714,7477,9337,6030,4531,4790,392,533,386,2571,100292,1331298,1792841.9253,1141,825,2369,1618,425,3380,4846,4328,1072,5774,3564,3384,2385,4367,612,1562,1650,872,1568,1545,4870,1503,5295,4616,1138,7021,8719,5385,4779,5984,340,502,425,2735,100599,1331298,1792841.9253
"78_VERIO.long.template_78",987,973,2528,2015,318,3078,5580,3655,1122,5163,3122,3539,2170,3931,645,1765,1444,1116,1711,2111,4198,1480,5584,4764,807,8009,8226,6069,4448,3972,320,508,418,2755,98527.5,1316705,1731610.51133,983,753,2863,1933,405,3506,4845,3432,1101,5594,3099,3746,2017,3536,756,1570,1724,910,1849,1885,4553,1280,5553,4999,1013,8077,8882,6097,4437,4030,266,548,502,2972,99715,1316705,1731610.51133
"78_SKYRA.long.template_78",1012,931,2491,2025,324,3086,5732,3662,1071,5301,3051,3496,2258,3912,635,1735,1464,1102,1713,2092,4069,1459,5425,4731,782,7887,8100,6245,4395,4005,318,532,419,2859,98319.4,1294346,1731610.51133,1002,743,2821,1934,372,3511,4961,3417,1081,5693,3073,3758,2023,3501,726,1546,1710,900,1827,1928,4459,1279,5421,4981,995,7954,8667,6204,4424,4060,266,530,484,2936,99186,1294346,1731610.51133
"79_VERIO.long.template_79",783,696,2134,2033,375,3338,6722,3848,1039,6497,3022,2969,2206,3548,622,1431,1384,1103,1779,1623,4217,1206,4720,4389,677,6896,8146,5556,3710,4024,385,504,368,2168,94105.9,1237781,1566085.40178,940,710,2426,1811,458,3252,4785,3962,1170,6770,2789,3357,2205,3329,619,1525,1813,745,1421,1436,4353,1252,5366,4054,985,5872,8322,5938,4295,4310,287,488,642,2391,94076.4,1237781,1566085.40178
"79_SKYRA.long.template_79",797,680,2092,1996,376,3379,6705,3865,1027,6604,3014,3036,2283,3511,609,1329,1379,1098,1728,1623,3955,1200,4575,4371,696,6843,7839,5478,3642,4024,398,545,383,2175,93255.5,1217377,1566085.40178,952,694,2352,1818,456,3205,4823,3986,1177,6865,2815,3480,2230,3319,625,1466,1802,731,1410,1434,4174,1261,5213,3989,969,5816,8005,5784,4265,4218,289,521,634,2371,93147.7,1217377,1566085.40178
"80_VERIO.long.template_80",860,536,2871,1752,278,2918,6007,3430,1061,4973,2850,3901,2144,4054,590,1574,1274,903,1370,1768,4155,1366,6134,4154,485,6478,7709,6230,3842,3395,319,469,354,2412,92619.7,1232913,1625957.04932,1208,593,2598,1797,353,3286,5204,3298,1029,5289,3112,3490,2186,3293,723,1484,1768,738,1564,1460,4540,1383,5514,4064,726,6054,7587,6079,3928,4446,273,482,463,2441,92453.1,1232913,1625957.04932
"80_SKYRA.long.template_80",881,518,2860,1733,285,2927,6205,3458,1037,5148,2888,3977,2163,4081,575,1505,1299,891,1344,1794,4062,1352,5912,4157,489,6433,7571,6332,3828,3436,314,482,342,2358,92634.4,1227764,1625957.04932,1225,595,2594,1808,323,3275,5331,3358,1047,5519,3115,3584,2071,3274,709,1433,1716,703,1535,1492,4354,1354,5256,4062,685,5931,7326,6172,3982,4516,279,474,457,2402,91956.1,1227764,1625957.04932
"81_VERIO.long.template_81",1010,743,3041,1364,332,2585,5036,2919,944,4393,2769,3355,2013,3415,619,1409,1548,850,1502,1585,3966,1164,4948,3720,655,5970,7186,5487,3188,3238,297,519,297,2552,84619.3,1101517,1452494.20705,1013,754,2568,1316,378,2757,4219,3518,940,4246,2919,3108,2010,3046,615,1433,1709,716,1331,1520,4449,1504,5212,3763,818,5517,7560,4599,3417,3245,206,475,350,2294,83518.3,1101517,1452494.20705
"81_SKYRA.long.template_81",1041,726,2985,1364,329,2598,5148,2951,929,4545,2748,3393,1979,3436,617,1386,1551,811,1492,1611,3898,1137,4872,3718,653,5946,6979,5549,3178,3253,290,524,300,2548,84484.6,1083296,1452494.20705,1036,726,2518,1277,382,2782,4336,3515,952,4410,2880,3141,1975,3088,613,1390,1703,693,1295,1556,4291,1456,5073,3796,816,5454,7292,4593,3355,3247,213,490,360,2275,82973.1,1083296,1452494.20705
"82_VERIO.long.template_82",859,726,2360,1546,500,3386,5578,4024,922,5367,3100,3568,1999,3760,601,1424,1497,853,1612,1775,3949,1195,4594,4264,764,5626,7705,5171,3299,3386,304,498,331,2247,88787.6,1216631,1584515.0523,1116,584,2207,1509,522,3670,4748,3531,984,5128,2939,2850,1716,3143,808,1472,1524,702,1240,1405,4418,1350,4875,3675,867,5641,8554,4902,3856,4544,256,520,475,2369,88098.4,1216631,1584515.0523
"82_SKYRA.long.template_82",881,710,2383,1566,474,3365,5612,4069,934,5469,2885,3524,1907,3719,592,1381,1481,840,1572,1774,3754,1194,4495,4192,743,5718,7625,5174,3243,3359,308,450,331,2270,87993.5,1193273,1584515.0523,1143,581,2222,1545,461,3695,4807,3538,985,5218,2971,2953,1646,3143,789,1432,1519,685,1234,1435,4273,1344,4757,3624,829,5689,8366,4872,3825,4502,265,514,461,2301,87624.3,1193273,1584515.0523
"83_VERIO.long.template_83",1019,729,1945,1705,405,3778,6484,3470,1176,5191,3087,3203,2051,4185,812,1611,1764,1022,2247,1619,4154,1520,4784,5106,819,7785,8570,5831,3868,3927,378,425,338,2863,97870.8,1234755,1563585.28242,1161,536,2109,1621,378,3577,5133,4252,1140,5372,3143,3184,2206,4194,831,1384,1922,910,1963,1636,3970,1238,4487,4688,974,7210,9251,4333,4300,3601,320,447,378,2599,94446.6,1234755,1563585.28242
"83_SKYRA.long.template_83",1044,737,1932,1739,379,3802,6631,3508,1175,5346,3101,3290,2025,4196,810,1570,1780,1037,2235,1607,4039,1514,4766,5104,801,7876,8514,5905,3908,4023,395,470,347,2544,98148.3,1244957,1563585.28242,1192,525,2097,1657,373,3611,5248,4274,1153,5561,3224,3287,2292,4183,841,1376,1928,914,1988,1638,3898,1237,4421,4725,959,7235,9143,4345,4357,3622,354,462,387,2607,95114.4,1244957,1563585.28242
"84_VERIO.long.template_84",1098,919,2369,1933,325,3330,7103,3845,1102,5922,3239,3550,2393,4176,718,1688,1572,1127,2057,1658,4697,1619,5584,4285,826,7553,8120,5454,4326,4085,326,456,334,3216,101000,1335982,1761435.69619,1582,892,2514,1697,327,3705,5512,4254,1351,5254,3210,2911,2627,4219,793,1450,2145,879,1952,1270,4449,1418,5631,4341,1196,7105,8084,5636,4802,4935,330,397,485,2863,100122,1335982,1761435.69619
"84_SKYRA.long.template_84",1126,907,2333,1964,340,3327,7230,3884,1101,6088,3262,3558,2211,4175,713,1649,1571,1093,2026,1701,4638,1603,5451,4279,826,7560,7941,5561,4314,4119,336,465,345,3154,100853,1334700,1761435.69619,1615,875,2463,1722,342,3732,5674,4312,1376,5425,3229,2938,2580,4245,755,1443,2108,864,1959,1277,4426,1402,5541,4360,1187,7044,7901,5729,4821,4940,332,410,496,2900,100400,1334700,1761435.69619
"85_VERIO.long.template_85",903,570,2492,1397,379,3190,6656,3576,1035,5336,3120,2757,2188,3975,676,1709,1424,1041,1476,1228,4037,1103,4406,4829,553,6031,7962,6464,3314,4605,306,463,276,2467,91946.3,1219722,1627162.36881,1179,720,1999,1383,453,3775,5298,4347,1081,5067,3027,2288,2196,3428,759,1484,1977,846,1646,1039,3961,1397,4062,4192,940,5812,7843,5209,3503,5857,264,486,354,2502,90370.1,1219722,1627162.36881
"85_SKYRA.long.template_85",919,573,2499,1399,379,3201,6790,3568,1029,5510,3108,2819,2179,4000,668,1687,1454,1022,1464,1248,3971,1087,4293,4838,544,6031,7845,6559,3294,4624,305,498,268,2559,92231.6,1215919,1627162.36881,1203,707,2007,1382,462,3779,5458,4373,1079,5207,3067,2358,2331,3430,742,1467,1967,822,1631,1048,3878,1398,4027,4186,917,5809,7776,5324,3515,5892,261,483,350,2584,90915.4,1215919,1627162.36881
"86_VERIO.long.template_86",729,1046,2098,1536,660,3319,5175,3455,812,5584,2527,2960,1844,3434,657,1364,1134,828,1175,1532,3471,1262,4769,3430,662,6089,6603,4586,3514,3146,323,456,284,2121,82582.9,1049121,1414998.43463,1103,565,2346,1662,517,2848,4461,3587,1029,5798,2409,3101,1728,3252,673,1150,1429,694,1187,1402,4134,1006,4679,3710,891,6265,7337,4453,3694,3066,244,501,315,2119,83356.1,1049121,1414998.43463
"86_SKYRA.long.template_86",752,999,2086,1576,717,3384,5293,3460,760,5767,2455,3094,1824,3450,658,1337,1144,809,1170,1554,3389,1197,4746,3459,636,6120,6525,4679,3533,3175,317,496,290,2081,82934.2,1043763,1414998.43463,1132,564,2328,1686,516,2866,4587,3588,1041,5961,2461,3200,1704,3282,666,1156,1416,682,1170,1416,4085,1013,4612,3694,888,6240,7175,4551,3667,3113,244,506,322,2103,83636.8,1043763,1414998.43463
"87_VERIO.long.template_87",949,715,1912,1235,462,3039,5389,2909,706,4666,2454,2681,1984,3526,721,1472,1307,921,1733,1309,3619,1206,4592,3955,691,5260,6731,4682,3438,3165,260,399,284,2122,80494.7,1123619,1405762.49041,969,684,2440,1167,505,3325,4480,3453,759,4829,2585,2430,2094,3303,631,1482,1725,710,1657,1180,3385,1278,4374,3489,792,5512,6575,4455,3789,3284,268,461,434,2253,80757.6,1123619,1405762.49041
"87_SKYRA.long.template_87",975,715,1919,1232,458,3052,5511,2937,713,4705,2395,2681,1977,3515,720,1445,1296,940,1723,1296,3500,1205,4537,3990,673,5277,6608,4742,3414,3183,264,421,287,2136,80441.7,1106068,1405762.49041,1005,685,2423,1172,492,3366,4616,3498,754,4946,2585,2462,2051,3296,624,1432,1723,705,1645,1219,3274,1271,4248,3513,797,5541,6502,4501,3762,3291,267,503,421,2265,80857.2,1106068,1405762.49041
"88_VERIO.long.template_88",795,489,1630,1251,333,2220,4608,2184,749,3932,2295,2873,1663,2715,506,1328,1250,690,1314,1722,3585,893,3984,3458,518,3641,4901,4686,2899,3106,268,400,211,2319,69415.5,938279,1254725.60299,792,561,1653,1253,406,2557,4024,2661,870,4012,2485,2677,1515,2446,540,1075,1681,579,1153,1469,3495,937,3654,3195,646,3973,5056,4608,2552,3554,240,412,274,2294,69300.9,938279,1254725.60299
"88_SKYRA.long.template_88",830,484,1592,1303,334,2236,4549,2195,747,3998,2332,2880,1635,2710,500,1269,1238,665,1283,1737,3346,913,3815,3333,522,3633,4748,4559,2859,3029,260,393,212,2332,68469.6,902918,1254725.60299,818,542,1590,1249,404,2581,3997,2659,862,4067,2496,2717,1517,2383,540,1011,1633,563,1128,1487,3277,917,3506,3013,632,3931,4885,4515,2476,3465,238,431,289,2312,68132,902918,1254725.60299
"89_VERIO.long.template_89",1261,790,2930,1834,457,4009,5686,4163,983,6562,2701,2676,2232,4449,801,1729,1624,816,2129,1763,4692,1355,5630,4580,942,7029,8349,5607,4173,4878,336,489,296,2497,100445,1313615,1628111.36667,1170,919,3006,1945,565,4281,3858,4086,1077,6063,3043,2786,2236,3847,856,1530,2030,743,1571,1659,5459,1539,5719,3731,1266,6834,8953,5645,4683,5148,339,545,540,2823,100490,1313615,1628111.36667
"89_SKYRA.long.template_89",1304,769,2922,1866,459,4000,5796,4161,993,6708,2771,2693,2219,4486,799,1702,1641,815,2113,1798,4520,1384,5493,4613,915,6937,8072,5702,4145,4902,329,503,300,2487,100321,1297504,1628111.36667,1211,905,2973,2001,563,4296,3976,4083,1060,6248,2995,2903,2119,3858,847,1477,2032,734,1532,1683,5321,1546,5591,3703,1268,6760,8629,5678,4639,5167,330,614,539,2623,99900.8,1297504,1628111.36667
"90_VERIO.long.template_90",1056,814,2416,1853,408,3041,5563,3713,1007,5649,3070,3488,2061,3903,657,1534,1444,998,1624,1840,4225,1185,5136,4034,676,7352,7716,4975,3428,3415,369,431,328,2151,91559.8,1108223,1505659.71807,874,754,2712,1888,428,3350,4849,3797,1112,5238,2886,3528,2175,3760,641,1335,1786,764,1680,1876,3948,1119,5376,3793,865,6174,8125,5186,3579,3938,384,548,421,2398,91288.5,1108223,1505659.71807
"90_SKYRA.long.template_90",1079,760,2398,1853,409,3078,5570,3742,977,5575,3018,3553,2072,3846,667,1526,1455,949,1596,1855,4172,1161,5100,4023,619,7222,7683,4958,3394,3403,358,435,332,2164,90997.5,1100543,1505659.71807,903,794,2685,1897,435,3316,4804,3780,1108,5206,2908,3548,2096,3675,644,1306,1776,742,1645,1850,3858,1108,5296,3753,859,6099,8030,5139,3523,3917,369,545,426,2403,90442.2,1100543,1505659.71807
"91_VERIO.long.template_91",924,679,1971,1670,405,3065,5505,3044,1045,5160,2644,3368,2150,3619,677,1707,1290,887,1876,1673,4587,1351,5636,4364,509,4929,7360,5507,3800,4159,289,404,308,2937,89499.7,1158774,1512389.89145,1040,742,2501,1472,395,3042,4897,3206,1173,4642,3252,3070,1973,3391,623,1424,1432,840,1337,1562,4469,1372,5537,3907,791,5562,6674,5523,4143,4925,244,442,464,2589,88655.1,1158774,1512389.89145
"91_SKYRA.long.template_91",944,700,1930,1756,446,3037,5547,3058,1063,5301,2611,3393,2074,3589,668,1733,1294,858,1866,1706,4480,1383,5657,4353,505,4832,7122,5543,3779,4153,288,414,319,2883,89282.7,1158096,1512389.89145,1045,737,2445,1505,413,3022,4948,3223,1142,4766,3262,3132,1953,3385,628,1409,1429,804,1320,1582,4403,1376,5625,3904,795,5518,6496,5566,4182,4932,249,493,473,2755,88910.2,1158096,1512389.89145
"92_VERIO.long.template_92",764,712,1917,2003,644,3976,5946,4700,1284,6464,3330,3505,2622,3976,669,1821,1718,1086,2276,1916,4160,1550,5257,4799,590,8064,8468,6058,3711,4844,412,611,353,2631,102837,1266932,1695305.69757,1045,883,2719,1863,584,3734,5182,4539,1288,6477,3201,3668,2076,3662,691,1700,2389,900,1980,1637,4071,1609,4922,4812,1081,7229,8582,7311,4551,4016,325,576,487,2578,102369,1266932,1695305.69757
"92_SKYRA.long.template_92",787,702,1922,2023,681,4006,6147,4703,1322,6638,3377,3609,2646,4060,670,1831,1736,1093,2284,1991,4156,1543,5240,4904,588,8067,8396,6239,3709,4914,420,635,353,2709,104095,1282009,1695305.69757,1090,898,2720,1890,569,3785,5370,4550,1286,6677,3191,3737,2036,3654,703,1719,2389,898,1973,1661,4043,1626,4980,4878,1019,7326,8539,7585,4590,4067,329,608,490,2580,103457,1282009,1695305.69757
"93_VERIO.long.template_93",909,654,1729,1678,314,3075,6094,3087,888,5274,2752,3708,1979,3453,641,1501,1287,902,1462,1925,3763,1215,4273,3561,630,6602,6792,5624,3675,3359,238,419,252,2339,86052.4,1189598,1552644.99763,876,644,1759,1695,332,3136,4680,3490,899,5635,2874,2922,1944,3699,605,1330,1587,814,1577,1666,4098,1155,4099,3746,948,5654,6863,5236,3323,3599,238,423,335,2143,84023.1,1189598,1552644.99763
"93_SKYRA.long.template_93",943,632,1716,1722,312,3120,6095,3122,867,5371,2733,3811,1932,3400,641,1442,1254,877,1451,1906,3554,1192,4142,3425,612,6490,6595,5471,3598,3252,254,445,261,2275,84809.5,1169445,1552644.99763,908,641,1734,1736,341,3142,4676,3521,907,5720,2891,3016,1926,3638,614,1267,1576,773,1535,1664,3910,1132,3946,3654,957,5638,6614,5084,3293,3546,237,443,324,2221,83223.8,1169445,1552644.99763
"94_VERIO.long.template_94",776,943,2085,1845,494,3330,6061,3607,952,5026,2776,3747,1976,3477,758,1663,1245,877,1402,1980,4282,1356,5110,4050,790,7066,6928,5904,3611,3907,419,513,322,2630,91904.8,1196972,1464513.69107,890,712,1854,1844,552,2736,5116,4041,1093,5532,2890,3641,2036,3487,721,1419,1452,919,1347,1835,4318,1153,4818,4032,971,6722,7275,5245,4181,4281,317,496,522,2952,91401.6,1196972,1464513.69107
"94_SKYRA.long.template_94",790,898,2049,1898,489,3285,5987,3568,913,4981,2798,3764,2025,3401,740,1610,1274,878,1372,1940,4159,1296,5007,3950,724,6849,6734,5819,3530,3861,399,495,326,2692,90500.7,1181830,1464513.69107,911,709,1804,1883,531,2748,5077,4022,1113,5474,2857,3723,1982,3398,721,1372,1444,896,1309,1866,4211,1147,4686,3934,989,6628,7096,5148,4127,4202,301,499,505,2918,90227.3,1181830,1464513.69107
"95_VERIO.long.template_95",1016,931,1638,2039,598,3639,6908,4851,1306,5666,3550,3002,2255,4716,602,1758,1783,1144,2641,1770,4531,1347,5612,6168,954,7150,8606,6949,4130,5606,397,620,401,2703,106889,1397565,1846306.98175,1363,662,2419,1813,540,3722,6722,4672,1574,6213,3473,2986,2512,4462,716,1637,2029,1043,1782,1551,4904,1641,5466,5563,898,7609,8786,6219,4849,5085,329,471,499,2937,107142,1397565,1846306.98175
"95_SKYRA.long.template_95",1039,918,1659,2059,592,3608,6795,4830,1264,5710,3423,2998,2255,4657,593,1719,1719,1109,2585,1817,4364,1325,5519,6070,911,7095,8361,6766,4068,5564,385,619,401,2743,105538,1368437,1846306.98175,1390,652,2388,1833,505,3673,6623,4642,1545,6194,3478,3016,2528,4346,718,1610,2001,1004,1727,1552,4710,1629,5311,5494,876,7565,8543,6106,4748,4944,333,532,499,2913,105626,1368437,1846306.98175
"96_VERIO.long.template_96",812,530,2076,1524,288,2703,5112,2771,875,4917,2366,3230,1963,3317,604,1478,1574,910,1875,1861,3778,1182,4652,3184,564,5981,6794,3979,3516,3112,352,321,286,2420,80907.5,1097666,1425056.5772,848,454,2278,1659,326,2864,4119,3283,1027,5189,2546,3079,1857,2889,625,1291,1889,731,1507,1724,3996,1070,4773,3332,802,6393,7096,4538,3443,3302,265,426,395,2336,82354.8,1097666,1425056.5772
"96_SKYRA.long.template_96",825,558,2052,1519,305,2658,5016,2731,858,4871,2324,3264,1850,3231,585,1469,1593,878,1836,1870,3680,1166,4630,3145,556,5961,6745,3916,3454,3064,344,336,279,2551,80109.9,1072881,1425056.5772,875,457,2277,1619,322,2815,4043,3228,991,5121,2557,2997,1699,2845,611,1274,1839,720,1471,1698,3917,1054,4711,3265,789,6326,7014,4467,3365,3289,255,420,387,2317,81035.4,1072881,1425056.5772
"97_VERIO.long.template_97",1116,1188,2135,1856,503,3234,5818,3403,1043,4874,2927,3623,2247,3686,685,1479,1446,957,1690,2028,3746,1235,4874,4017,877,6708,6680,5333,4113,3608,348,473,324,2215,90487.2,1211337,1587333.11276,868,628,2007,1640,735,3937,4138,3700,1039,6343,2850,2838,2208,3555,737,1512,1604,811,1239,1664,4479,1306,4962,3853,967,6467,8399,4663,4536,3715,298,519,502,2368,91088.3,1211337,1587333.11276
"97_SKYRA.long.template_97",1143,1185,2049,1910,476,3276,5939,3393,1037,5058,2869,3645,2191,3730,670,1429,1439,949,1674,2054,3704,1258,4858,4000,857,6662,6562,5372,4055,3650,354,536,327,2196,90507.9,1201595,1587333.11276,901,627,1978,1682,724,3947,4233,3738,1036,6537,2838,2924,2193,3560,734,1477,1605,788,1232,1694,4533,1290,4914,3900,908,6344,8226,4680,4496,3731,306,568,539,2393,91276.9,1201595,1587333.11276
"98_VERIO.long.template_98",644,622,1892,1169,361,2388,3573,2857,684,4126,2018,2395,1694,2686,625,1361,1170,681,1418,1023,2980,1023,4149,3101,470,5278,6121,4407,3032,2802,280,385,231,1927,69574.9,925740,1339385.84377,696,464,1926,1109,358,2580,3372,2847,801,3738,2124,2231,1592,2386,643,1133,1289,672,1221,931,3215,1098,3912,2928,618,5825,6085,4837,3125,2563,224,494,311,1947,69292.5,925740,1339385.84377
"98_SKYRA.long.template_98",653,633,1866,1174,362,2416,3697,2881,677,4251,2104,2414,1765,2728,597,1357,1166,692,1405,1045,2939,1025,4125,3179,462,5296,6174,4548,3064,2864,283,407,234,1924,70405.8,927186,1339385.84377,720,462,1912,1136,391,2581,3456,2859,804,3881,2144,2338,1724,2388,650,1142,1305,657,1202,939,3204,1095,3888,2956,596,5856,6099,4984,3155,2604,236,526,326,2054,70270.1,927186,1339385.84377
"99_VERIO.long.template_99",973,755,1781,1455,555,3192,6022,3837,1141,4699,2479,3302,1740,3792,738,1196,1071,880,1389,1359,3684,1092,3902,3383,653,5185,6063,4515,2924,2870,338,465,237,2154,79820,1014023,1403151.10599,1054,485,2070,1490,591,2971,5075,3520,1070,5364,2579,3464,1720,3383,708,1007,1412,672,1160,1180,3798,1101,4174,3144,581,5323,6205,4110,3449,3128,286,510,336,2135,79252.6,1014023,1403151.10599
"99_SKYRA.long.template_99",994,743,1793,1437,560,3121,6043,3800,1142,4594,2532,3209,1747,3705,718,1175,1074,880,1368,1314,3586,1080,3882,3329,655,5153,5962,4496,2868,2844,323,468,236,2203,79033.4,1001727,1403151.10599,1090,477,2050,1470,600,2953,5076,3490,1064,5319,2603,3422,1744,3303,721,982,1410,654,1147,1181,3649,1078,4113,3139,582,5291,6148,4085,3375,3107,289,552,338,2129,78628.9,1001727,1403151.10599
"100_VERIO.long.template_100",843,612,2113,1527,409,3008,4581,2977,1115,4885,2428,3562,1936,3338,660,1648,1404,881,1598,1687,4068,1160,5156,4447,445,7377,7612,5067,4180,3925,304,429,372,2504,88258.9,1162301,1636252.90894,967,571,2265,1352,399,2752,4178,3124,1563,4728,2807,3095,2321,3376,656,1277,1579,675,1469,1395,3985,1049,5315,4489,761,6980,7525,5647,4622,3289,246,428,482,2511,87878.3,1162301,1636252.90894
"100_SKYRA.long.template_100",858,593,2084,1523,400,3015,4666,2983,1102,5070,2441,3597,1909,3310,644,1616,1387,867,1577,1688,3975,1126,5000,4401,436,7251,7368,5086,4160,3898,292,419,374,2480,87593.1,1150945,1636252.90894,996,563,2154,1357,378,2717,4235,3094,1550,4843,2832,3179,2278,3351,651,1269,1549,664,1455,1404,3894,1040,5221,4518,762,6923,7332,5693,4579,3275,244,420,486,2511,87414.8,1150945,1636252.90894
"101_VERIO.long.template_101",949,583,1903,1634,507,3210,4830,3066,987,5007,2833,3405,2096,3347,549,1585,1268,918,1300,1755,3857,1149,4630,4405,665,6366,7307,5814,3640,4523,316,467,335,2310,87511.9,1153981,1526479.38763,1212,702,2052,1406,539,2680,4590,3298,938,4818,2725,3300,2453,3002,590,1523,1529,654,1376,1582,4010,1253,4345,4434,1007,5913,6851,5901,3942,4086,251,465,396,2328,86152.6,1153981,1526479.38763
"101_SKYRA.long.template_101",955,594,1898,1661,502,3233,4850,3037,986,5064,2879,3471,2044,3287,535,1602,1265,892,1304,1727,3931,1143,4636,4415,665,6347,7334,5861,3601,4525,310,466,347,2322,87688.6,1147811,1526479.38763,1210,699,2063,1460,541,2706,4556,3223,937,4695,2676,3388,2371,2907,580,1522,1504,649,1360,1546,4008,1256,4319,4413,980,5850,6897,5922,3885,4032,253,495,408,2343,85653.2,1147811,1526479.38763
"102_VERIO.long.template_102",709,873,2070,1631,371,2909,4944,2908,815,4963,2782,2943,2109,3335,546,1368,1172,847,1325,1328,3536,1077,4179,3049,794,4825,6436,4047,3155,2874,311,496,260,2159,77147.1,1001462,1376496.41449,781,689,1699,1381,405,2964,3492,3290,952,4618,2442,2813,1870,2786,470,1130,1317,664,1396,1383,3626,1024,4393,2996,1084,5210,6366,4332,3379,3801,258,437,380,2197,75953.8,1001462,1376496.41449
"102_SKYRA.long.template_102",738,856,2051,1647,347,2883,5057,2937,807,5155,2449,2953,1966,3320,543,1368,1172,827,1303,1340,3519,1068,4157,3068,779,4844,6380,4153,3164,2891,314,554,263,2147,77019.9,1013191,1376496.41449,812,680,1708,1417,437,2953,3612,3282,944,4816,2438,2899,1803,2755,487,1133,1318,657,1382,1398,3615,1031,4377,2984,926,5203,6268,4480,3335,3856,264,433,385,2192,76277.8,1013191,1376496.41449
"103_VERIO.long.template_103",1052,919,2354,1821,427,3034,5252,3076,1036,5017,2879,3091,1880,3714,630,1485,1495,779,1650,1495,3521,1203,4790,3449,637,5725,7132,4884,3933,3265,259,530,349,2349,85114.3,1088801,1404845.13651,962,543,2240,1548,398,2893,4311,3159,1034,5049,2879,3013,1958,3654,687,1445,1968,761,1576,1566,4003,1384,4665,3290,904,5585,7875,4621,4249,3653,229,493,514,2573,85681,1088801,1404845.13651
"103_SKYRA.long.template_103",1094,931,2344,1852,418,3009,5416,3060,1035,5151,2929,3153,1848,3699,628,1490,1482,797,1636,1495,3511,1189,4778,3488,628,5785,7116,5034,3920,3368,270,519,337,2433,85839.4,1097284,1404845.13651,980,548,2244,1580,394,2883,4461,3192,1024,5133,2877,3053,1942,3663,698,1444,1959,757,1584,1557,4027,1377,4618,3340,922,5602,7820,4738,4247,3704,234,499,526,2543,86164.1,1097284,1404845.13651
"104_VERIO.long.template_104",759,849,1905,1804,413,3240,4555,3239,987,5178,2249,3905,1918,3663,685,1512,1274,787,1447,2001,3880,1030,4951,3745,707,5834,6726,4805,3469,3724,328,441,314,2376,84699.4,1121217,1520398.99201,941,642,1943,1626,465,3408,3567,3457,1197,4714,2419,3707,1811,3105,653,1371,1429,697,1257,1671,4306,1157,4833,3471,778,5526,6632,4573,3725,4619,251,525,554,2613,83642.4,1121217,1520398.99201
"104_SKYRA.long.template_104",763,849,1914,1831,398,3270,4716,3247,990,5278,2227,3933,1942,3636,672,1525,1272,786,1427,2004,3872,1025,4944,3770,703,5824,6738,4950,3456,3768,342,449,334,2256,85102.1,1111181,1520398.99201,960,627,1941,1635,471,3328,3698,3472,1206,4800,2418,3709,1794,3095,670,1357,1434,682,1243,1680,4300,1168,4837,3524,779,5538,6612,4710,3727,4670,268,543,553,2628,84076.9,1111181,1520398.99201
"105_VERIO.long.template_105",982,809,2404,2163,371,3476,5655,3527,1056,5846,2783,3103,2073,3850,747,1632,1539,834,1653,1972,4682,1205,5720,4802,766,6387,8233,5698,3759,3451,348,427,347,3033,95332.5,1240626,1584407.36147,956,619,2749,2158,352,3441,4662,3544,1461,5690,2925,3469,2430,3600,653,1379,1769,696,1275,2194,4473,1483,5198,4229,1044,6263,8380,5684,4508,4016,283,498,508,2490,95078.2,1240626,1584407.36147
"105_SKYRA.long.template_105",1008,805,2381,2181,392,3464,5734,3556,1019,5978,2765,3149,2047,3784,732,1584,1547,816,1642,2003,4599,1195,5581,4734,758,6388,8184,5703,3752,3472,355,426,369,3180,95283.4,1232060,1584407.36147,962,619,2715,2175,336,3420,4753,3534,1469,5814,2926,3460,1974,3635,663,1355,1752,672,1273,2238,4420,1461,5141,4210,962,6250,8310,5760,4506,4067,292,504,514,2504,94647.6,1232060,1584407.36147
"106_VERIO.long.template_106",849,529,2207,1247,420,2688,4608,3552,776,3760,2452,2711,1714,3473,578,1379,1378,670,1289,1358,3492,1033,5011,3360,547,5168,6857,4630,3393,3064,248,358,292,2094,77184.5,1043645,1425006.49867,1178,644,1735,1230,275,3000,3899,3153,845,4237,2388,2478,1730,3185,633,1209,1555,697,1209,1146,3735,1053,4434,3163,860,5519,6750,4287,4010,3586,223,362,415,2131,76952.9,1043645,1425006.49867
"106_SKYRA.long.template_106",864,523,2173,1305,436,2738,4697,3615,786,3842,2514,2793,1747,3506,588,1342,1385,678,1258,1354,3403,1039,4943,3396,520,5244,6792,4629,3406,3092,270,405,297,2156,77736.8,1041261,1425006.49867,1193,637,1744,1228,309,3028,3976,3164,839,4326,2423,2557,1763,3201,641,1184,1525,678,1219,1129,3635,1053,4310,3161,870,5547,6631,4323,3982,3616,229,419,423,2148,76993.3,1041261,1425006.49867
"107_VERIO.long.template_107",937,873,2768,2056,386,3677,5362,3155,946,6581,2785,3589,2156,4256,605,1563,1473,1033,2052,2120,4349,1302,5493,3819,572,6283,7332,4946,4127,3842,277,430,368,2626,94141.6,1223487,1653992.17901,1133,661,2266,1991,583,3449,5608,3850,1078,5787,2897,3690,1901,2973,611,1280,1912,786,1723,2032,4548,1459,5542,3585,930,6865,7899,5303,4293,3929,320,488,588,2679,94640.5,1223487,1653992.17901
"107_SKYRA.long.template_107",943,864,2711,2068,399,3693,5493,3160,969,6793,2781,3717,2134,4229,604,1560,1475,1027,2037,2144,4222,1290,5488,3826,551,6217,7191,5094,4091,3881,283,447,370,2652,94403.4,1210551,1653992.17901,1165,652,2247,1997,565,3489,5795,3859,1056,5933,2884,3784,1869,2929,608,1276,1872,777,1702,2109,4474,1431,5461,3611,916,6807,7696,5368,4289,3964,320,510,583,2622,94619.9,1210551,1653992.17901
"108_VERIO.long.template_108",866,595,1935,1651,261,2872,5657,2577,855,5152,2392,3672,1975,3275,747,1488,1357,758,1537,1654,3981,1242,3947,4100,520,6314,6667,5541,3962,3850,275,369,343,2514,84900.2,1144945,1568274.24995,987,813,2113,1526,311,2991,4043,2609,1012,5565,2882,3259,1769,3010,680,1205,1513,668,1509,1305,4366,1530,4531,4241,906,5225,6614,5836,3842,3671,228,358,409,2690,84219.1,1144945,1568274.24995
"108_SKYRA.long.template_108",891,582,1969,1651,273,2859,5652,2590,868,5133,2384,3647,2068,3249,740,1491,1361,753,1522,1665,3942,1230,4003,4098,508,6285,6664,5510,3929,3878,286,373,349,2670,85071.5,1139416,1568274.24995,1017,791,2102,1471,345,2904,3991,2605,1021,5523,2865,3230,1763,2916,684,1210,1505,654,1501,1276,4312,1512,4491,4186,898,5232,6635,5818,3751,3612,225,401,412,2324,83182.3,1139416,1568274.24995
"109_VERIO.long.template_109",935,840,2758,1830,375,3288,5025,3622,1096,5541,2912,3910,2223,3904,671,1423,1234,1105,1684,1885,4779,1299,4840,4509,827,7200,7588,5074,3594,3396,267,496,295,2433,92859.6,1193439,1578405.28456,977,1037,2543,1719,331,3018,4923,4127,1095,4836,3105,3591,1749,3854,635,1475,1662,857,1412,2020,4208,1544,5088,4034,1411,7334,6960,5371,4051,3592,246,508,460,2574,92348.4,1193439,1578405.28456
"109_SKYRA.long.template_109",965,827,2716,1878,375,3298,5169,3627,1086,5739,2898,4016,2210,3945,671,1392,1241,1087,1658,1923,4654,1280,4760,4560,794,7132,7410,5138,3608,3454,265,505,307,2465,93052.4,1185807,1578405.28456,1001,1026,2507,1749,353,3031,5032,4207,1123,5079,3117,3760,1754,3855,641,1439,1620,842,1397,2058,4157,1522,4966,4011,1384,7255,6798,5377,4045,3626,248,543,480,2528,92530.6,1185807,1578405.28456
"110_VERIO.long.template_110",767,574,2331,1662,378,3253,5420,3018,848,5416,2616,3644,1939,3825,563,1384,1086,680,1177,1835,4096,1147,4545,3760,491,6094,6827,5387,3808,4439,266,404,322,2127,86129.1,1154519,1512198.02131,1203,754,2163,1587,384,3064,5090,3284,917,4961,2350,3419,2002,3557,678,1281,1789,591,1109,1536,3919,1220,4532,3764,680,5607,6493,5312,4299,4376,281,383,459,2258,85302,1154519,1512198.02131
"110_SKYRA.long.template_110",780,572,2313,1628,387,3205,5313,2970,830,5263,2359,3460,1866,3717,548,1344,1103,671,1148,1795,3913,1130,4474,3658,485,6031,6747,5244,3744,4363,260,419,321,2113,84172.7,1118022,1512198.02131,1243,749,2146,1577,391,3049,5011,3282,890,4935,2331,3421,1871,3436,678,1255,1752,565,1102,1537,3806,1219,4412,3654,688,5534,6388,5162,4237,4255,271,396,459,2252,83952.2,1118022,1512198.02131
"111_VERIO.long.template_111",1072,985,2185,1546,482,3672,5950,4382,980,6043,3388,2999,2295,4371,590,1524,1735,1007,1668,1629,4515,1682,5134,4704,1039,7732,8158,6182,4380,4864,340,532,421,2890,101075,1345756,1703294.45775,1425,735,2444,1430,565,3844,5989,4434,1096,5242,3744,2910,2175,3865,659,1461,1830,866,1408,1322,5003,1428,5463,4521,1052,6791,8701,5889,4315,5125,313,600,587,2675,99906.3,1345756,1703294.45775
"111_SKYRA.long.template_111",1104,988,2175,1613,491,3667,6086,4371,967,6279,3426,3102,2308,4360,579,1483,1763,980,1644,1678,4361,1669,5147,4692,1055,7730,8012,6158,4443,4937,358,540,430,2927,101524,1337003,1703294.45775,1450,726,2436,1469,531,3845,6060,4466,1132,5430,3800,2962,2178,3919,662,1437,1856,855,1391,1360,4882,1429,5334,4495,1054,6822,8524,5885,4314,5161,322,609,585,2765,100144,1337003,1703294.45775
"112_VERIO.long.template_112",867,863,2068,1541,317,2983,5103,3224,862,4664,2533,3730,1910,3452,759,1564,1168,806,1569,1758,3944,1302,4566,3856,559,5888,6320,4753,3189,3546,341,482,308,2186,82981,1095384,1482222.7909,789,561,2097,1329,352,2818,4406,3371,1005,4993,2542,3204,2071,3288,744,1345,1669,740,1106,1594,3898,1174,4540,3754,863,5474,6814,4482,3918,3724,267,450,456,2195,81967.3,1095384,1482222.7909
"112_SKYRA.long.template_112",890,858,2098,1570,329,2976,5045,3308,889,4669,2473,3804,1878,3429,761,1547,1188,782,1574,1775,3844,1294,4554,3828,621,5919,6263,4711,3172,3555,350,445,295,2236,82929.9,1095420,1482222.7909,783,519,2102,1373,356,2777,4358,3348,952,4964,2552,3329,2027,3279,728,1328,1689,740,1093,1602,3824,1115,4485,3719,807,5557,6781,4482,3903,3680,275,463,455,2242,81687.3,1095420,1482222.7909
"113_VERIO.long.template_113",983,611,2215,1746,533,3258,4780,3365,885,5342,3128,3162,2338,3321,696,1644,1438,1068,1643,1673,4097,1209,5037,4186,599,5993,7570,5643,3655,3888,351,534,365,2178,89133.3,1231992,1577531.45347,1005,654,2314,1532,607,3411,4306,3095,1047,4541,3010,3436,2164,2951,789,1623,2058,781,1602,1346,4248,1131,5027,4168,814,5861,8085,5252,4214,3883,239,516,540,2377,88627.4,1231992,1577531.45347
"113_SKYRA.long.template_113",1002,601,2165,1751,530,3235,4847,3372,903,5492,2883,3188,2268,3291,677,1599,1428,1048,1608,1689,3960,1208,4860,4100,576,5944,7356,5591,3616,3879,352,543,373,2172,88106.6,1218732,1577531.45347,1033,648,2248,1565,622,3446,4338,3101,1056,4739,3059,3485,2130,2896,792,1535,2034,751,1587,1362,4087,1134,4833,4127,813,5811,7751,5195,4192,3914,261,543,532,2369,87986.7,1218732,1577531.45347
"114_VERIO.long.template_114",784,528,1784,1154,464,2828,5358,3564,865,4218,2898,2488,1966,3346,561,1083,1521,969,1692,981,3447,995,3734,3830,618,6039,6191,5709,3263,3275,277,541,318,2462,79752.9,1029726,1352409.88393,893,641,2003,1204,608,2846,4689,4010,883,3931,2784,2647,1723,3042,573,1128,1535,728,1247,1061,3586,1111,3969,3535,855,5414,6029,5832,3484,3676,258,434,413,2417,79189,1029726,1352409.88393
"114_SKYRA.long.template_114",805,516,1746,1186,450,2820,5462,3562,867,4381,2906,2489,1932,3335,565,1062,1495,946,1669,983,3355,985,3620,3813,618,5927,6063,5724,3220,3259,278,550,319,2435,79342.4,1019267,1352409.88393,906,622,1994,1260,599,2858,4746,4014,888,4105,2860,2732,1770,3022,600,1094,1523,695,1230,1056,3457,1119,3871,3504,912,5321,5882,5856,3424,3614,261,470,410,2399,79075.6,1019267,1352409.88393
"115_VERIO.long.template_115",910,710,2118,1614,301,2819,5235,2878,969,5003,2668,3144,1825,3560,620,1336,1231,857,1483,1774,3746,1188,4797,3389,680,5935,6381,4500,3342,3150,329,559,264,2460,81754.4,1017711,1537609.8679,779,476,1905,1703,378,3074,4737,3525,921,5169,2687,3220,1906,3053,718,1290,1771,800,1271,1753,3628,1122,4960,3081,741,6255,7033,5083,3620,3164,294,497,380,2511,83487.2,1017711,1537609.8679
"115_SKYRA.long.template_115",933,696,2059,1653,313,2825,5328,2907,957,5135,2697,3151,1741,3545,623,1288,1249,814,1458,1762,3577,1161,4657,3346,662,5892,6129,4522,3339,3129,327,553,280,2331,81038.5,1008426,1537609.8679,793,479,1872,1742,366,3081,4847,3517,939,5304,2708,3355,1838,3079,714,1254,1744,771,1271,1781,3514,1104,4771,3045,747,6154,6774,5052,3575,3112,290,515,363,2482,82935.2,1008426,1537609.8679
"116_VERIO.long.template_116",1527,885,3231,2158,298,3757,7140,4169,1470,7028,3305,4788,2332,4609,701,1592,1502,1045,1524,2025,5090,1673,5715,5097,987,7972,10027,7507,4681,4799,449,460,356,3049,112948,1480181,1919024.40993,1266,818,3407,1776,341,4231,6030,4473,1527,7741,3349,4154,2908,4621,586,1693,1652,945,1541,1919,5319,1481,6523,5084,1027,7462,9129,7846,4979,4626,344,496,512,2568,112373,1480181,1919024.40993
"116_SKYRA.long.template_116",1593,882,3210,2130,311,3785,6995,4193,1441,6963,3275,4821,2297,4541,686,1530,1503,1017,1467,1997,4812,1646,5496,4920,942,7934,9652,7138,4577,4668,419,487,355,3099,110783,1446769,1919024.40993,1321,785,3370,1802,351,4220,5946,4533,1516,7697,3416,4209,2412,4554,586,1641,1654,921,1488,1931,5044,1435,6208,4909,1001,7271,8860,7585,4913,4509,319,493,518,2602,110022,1446769,1919024.40993
